RID,POSTED_BY,BHK_NO,SQUARE_FT,BATH,BALCONY,ADDRESS,LONGITUDE,LATITUDE,PRICE_IN_LACS,Label
A1H9VU1FACOXLN,Owner,2 BHK,1300.236407,2,1,"Ksfc Layout,Bangalore",12.96991,77.59796,55,1
AWJ1Z81HHB0MY,Dealer,4 BHK,1275,3,3,"Vishweshwara Nagar,Mysore",12.274538,76.644605,51,1
A2NP8RNW9T5BQF,Owner,3 BHK,933.1597222,2,3,"Jigani,Bangalore",12.778033,77.632191,43,0
A2JRK3K99168A1,Owner,3 BHK,929.9211427,3,1,"Sector-1 Vaishali,Ghaziabad",28.6423,77.3445,62.5,1
A1L4RDILGM7D9E,Dealer,2 BHK,999.009247,2,1,"New Town,Kolkata",22.5922,88.484911,60.5,0
A2VUB6YYTF234O,Owner,2 BHK,1250,2,1,"South Chittoor,Kochi",10.03328,76.282571,42,0
A21BLUM0I2Y3MW,Dealer,4 BHK,1495.053957,2,1,"Sodala,Jaipur",26.916347,75.7956,66.5,1
A1VKNACW03M5H7,Owner,4 BHK,1181.012946,2,1,"Kharar,Mohali",30.74,76.65,52,1
A2582KMXLK2P06,Dealer,3 BHK,1040,3,1,"Bileshivale,Bangalore",13.054202,77.674002,41.6,0
A34HSMRAQY5XKX,Owner,2 BHK,879.1208791,3,1,"Chromepet,Chennai",12.95161,80.14097,36,1
AUUWUS51SMMT4,Owner,3 BHK,1350.308642,2,2,"Deshbandhu Para,Siliguri",26.724219,88.326357,35,0
A1YZV2UY0QDZTX,Dealer,4 BHK,1333.010179,3,3,"Hebbal,Bangalore",13.04034,77.591347,110,1
A3QN14A5DGUA0U,Owner,2 BHK,927.1779023,2,1,"Garebhavipalya,Bangalore",12.96991,77.59796,48,0
ABHXONN9HSUZI,Owner,2 BHK,1122.171946,2,2,"Sector-119 Noida,Noida",28.587711,77.403123,62,1
A3OM7Q1IVAGLUW,Owner,3 BHK,649.9837504,3,2,"sanjay nagar,Raigad",13.0352,77.5772,20,0
A3BUE5AHX4M0FS,Dealer,2 BHK,1394.117647,2,2,"Sector-150 Noida,Noida",28.429614,77.481711,71.1,0
AQX8FF2YCO3J7,Owner,3 BHK,1800.08471,3,2,"Jharapada,Bhubaneswar",20.275267,85.862407,85,0
A27UE9HJRZ22YI,Dealer,3 BHK,2124.896706,3,3,"Konanakunte,Bangalore",12.8855,77.5638,180,0
A3MBRJ5X24GXM9,Owner,3 BHK,1100,2,2,"Nagpur Road,Wardha",21.15389,79.08306,22,0
A3J6I70Z9Q0HRX,Dealer,2 BHK,2178.649237,2,2,"Kogilu,Bangalore",13.092356,77.613468,120,1
A1YLOZQKBX3J1S,Owner,1 BHK,881.1435285,1,1,"Poonamallee,Chennai",13.05,80.11,45,1
AVQIRN6E7J7UA,Dealer,3 BHK,944.8818898,3,1,"Undri,Pune",18.452663,73.93104,42,0
A1XM65S80UQ2MD,Dealer,4 BHK,1310.147689,3,2,"Sector-134 Noida,Noida",28.5041,77.381557,55,1
AFUMZHRZJG0H0,Dealer,3 BHK,630.00063,3,1,"Bandra (West),Mumbai",19.05444,72.84056,300,0
AIW47KAXVTR0X,Dealer,1 RK,1219.80971,1,0,"Narendra Nagar,Nagpur",21.105779,79.078497,50,1
A1R2P21ZYNJCFJ,Owner,3 BHK,780.141844,3,2,"Kudgat,Kolkata",22.54111,88.33778,27.5,1
A37AO20OXS51QA,Owner,2 BHK,1600,1,1,"Sain Vihar,Ghaziabad",28.63601,77.433724,46,1
A3R6W1FEYDNT8V,Dealer,3 BHK,1180.412371,3,2,"Sector-115 Mohali,Mohali",30.712867,76.648557,22.9,1
A2VBZOK3SVSDWA,Owner,2 BHK,1000,2,2,"Mohan Asram,Deoghar",24.48,86.7,39,1
AREOHWLWVX0A8,Dealer,3 BHK,1000,2,1,"Alwar Bypass Road,Bhiwadi",28.2102,76.8606,12.5,0
ADWJAJZTHNYN6,Dealer,4 BHK,1400.107701,2,0,"Sector 84 Faridabad,Faridabad",28.40473,77.367514,52,1
A3UD9G34YLWVXE,Dealer,3 BHK,943.1266076,2,1,"Sector-134 Noida,Noida",28.5041,77.381557,33,0
A2Y4IWY1ZXLXH8,Owner,3 BHK,1150.146382,2,2,"Indra Colony,Jaipur",26.586306,74.873234,55,0
AHAX3RWULQD6T,Dealer,3 BHK,864.0674394,3,3,"Thane West,Lalitpur",19.18,72.96333,82,0
A2LFHPZFG1OHBZ,Dealer,3 BHK,857.7861968,3,2,"Mulund (West),Maharashtra",19.1759,72.9522,240,1
A297HRGWRID7I6,Owner,2 BHK,1174.210077,2,1,"Thalambur,Chennai",12.852171,80.216826,55,0
AMYAHFQZI19LS,Dealer,2 BHK,1020.087884,2,1,"Wakad,Pune",18.5993,73.7625,65,1
A28VTF9FQ42SBV,Owner,3 BHK,1650.165017,3,2,"Vasna,Vadodara",22.312063,72.674296,65,0
A2H03V8PAZDU9J,Dealer,3 BHK,1000,2,2,"Madhurawada,Visakhapatnam",17.815234,83.35818,35,1
AUXHG88OYWCGM,Owner,2 BHK,1300.052002,2,2,"Vasanthapura,Bangalore",12.894088,77.548914,75,0
ATN552TF5V40Z,Dealer,2 BHK,40606.19568,2,2,"Kanjur Marg (East),Lalitpur",24.69028,78.41889,9110,1
A3DSWITPB6NBT5,Dealer,3 BHK,1058.114928,3,2,"Sus,Pune",18.539812,73.737678,65,1
A215QEI3FPLVXU,Dealer,1 BHK,400,1,0,"Kharadi,Pune",18.5438,73.9438,30,0
AAZ084UMH8VZ2,Dealer,1 BHK,1274.924779,1,0,"Marol,Mumbai",22.803593,83.755013,250,1
AFLLCB3F28N6A,Dealer,2 BHK,1026.694045,2,2,"Wadala East,Lalitpur",19.014858,72.8662,220,0
A3T8PIRVS2LX4P,Owner,8 BHK,1150.121065,9,2,"Near Ambamata Mandir,Vapi",20.36667,72.9,38,0
A18RVAXFLALN6E,Owner,2 BHK,1200,2,0,"Patel Nagar-II,Ghaziabad",28.460928,77.039391,60,1
AVPSSODZIDABZ,Dealer,2 BHK,475.0103263,2,1,"Balkum,Lalitpur",24.69028,78.41889,46,1
A2RXRKRI8YSQWQ,Builder,2 BHK,301.9171163,1,1,"Taloja,Lalitpur",24.69028,78.41889,26.3,0
A2KADAQBR8NG80,Dealer,2 BHK,1228.571429,2,1,"Bolar,Mangalore",12.843852,74.845271,51.6,1
A2L3IECPFB956F,Owner,2 BHK,986.0164934,2,1,"Ayanambakkam,Chennai",13.077175,80.151453,55,0
A137DV4YVGWDCR,Dealer,3 BHK,1972.565158,3,1,"Sector 88 Faridabad,Faridabad",28.431862,77.351104,71.9,1
A89KN0ADLUNPW,Dealer,3 BHK,420.6166888,3,2,"Sindhi Society Chembur,Lalitpur",19.048403,72.88731,130,0
A1SH7OWQ98P6FI,Owner,2 BHK,1275.009808,2,2,"Shiv Mandir,Siliguri",25.232239,71.392013,32.5,1
AJM8UGFV16NS8,Dealer,3 BHK,406.024219,2,3,"Kalyan (West),Maharashtra",19.245347,73.124577,39.9,0
AVD1K8KU6Z86U,Dealer,2 BHK,1862.562189,2,2,"Sector 88 Faridabad,Faridabad",28.431862,77.351104,59.9,0
AJ7Q49CTJ1BOC,Owner,4 BHK,950.0146156,,2,"Nandanwan Phases 2,Aurangabad",19.88879,75.34344,65,0
A2MMFEZ728S1MA,Owner,2 BHK,5200.945626,2,2,"Sector-76 Noida,Noida",28.567633,77.383124,110,0
A1GUR2DMGWUIGL,Dealer,3 BHK,1049.969344,2,1,"Basaveshwara Nagar,Bangalore",12.985039,77.54383,68.5,0
A2CU16YU1KEOUY,Dealer,2 BHK,1615.008157,2,2,"Maniktala,Kolkata",22.589694,88.372957,99,1
A6Y49ZNS6NPN0,Dealer,3 BHK,1150.0069,3,2,"Wadala East,Lalitpur",19.014858,72.8662,250,1
A3G467T8H2U4F1,Owner,2 BHK,1100,2,1,"Jhotwara,Jaipur",26.955346,75.734793,27.5,0
AKG4UJNVSHHAD,Dealer,4 BHK,906.2661833,3,3,"Balkum,Lalitpur",24.69028,78.41889,70,1
A1J7ZSFU0SO3D4,Owner,2 BHK,1454.333915,2,2,"Poolakkaparambu,Ottapalam",10.77,76.38,50,0
A3GLQSR6MTHXGL,Owner,8 BHK,1591.994542,8,0,"Sector-137 Noida,Noida",28.506454,77.409568,70,1
A3KVJ2DVCLO0HB,Dealer,2 BHK,573.8769151,2,1,"Sector 86 Faridabad,Faridabad",28.406388,77.342588,22.1,1
A24GM452AKJTT9,Dealer,2 BHK,1038.883942,2,3,"Powai,Mumbai",19.12,72.91,280,0
A328TUPI6HYZSF,Owner,2 BHK,1538.141758,2,1,"Yelahanka,Bangalore",13.11389,77.59833,74,1
A28D8FT2NNCS2Z,Owner,8 BHK,5000,7,0,"Malviya Nagar,Jaipur",26.850391,75.814198,85,1
A2EVOV2OZBQU53,Dealer,2 BHK,1602.084012,2,1,"Sector 77 Faridabad,Faridabad",28.368269,77.37273,49.2,0
A1447CDAPZGLYV,Owner,3 BHK,1200,3,2,"Madhuranagar,Vijayawada",16.51667,80.61667,45,1
A156LLD3VZJGC2,Owner,2 BHK,760.07094,2,1,"Tilakwadi,Belgaum",15.86667,74.5,60,0
A1KZ67VEU7CJQ3,Owner,3 BHK,739.8273736,3,1,"tallaiya,Bhopal",23.25,77.41667,30,1
A26EQ8U96JA92T,Owner,2 BHK,1260.02291,2,1,"Mulki,Mangalore",13.0915,74.7844,33,0
A2CHZ5Q2EF3IR3,Owner,3 BHK,1100.151745,3,2,"Manewada,Nagpur",21.093676,79.111965,29,1
AD5WAUA14YD6N,Dealer,2 BHK,2293.077091,2,1,"Kharadi,Pune",18.5438,73.9438,210,0
AHMKE1AJEHHS3,Dealer,2 BHK,1146.480331,2,3,"Sector-8 Ulwe,Lalitpur",19.216097,72.821721,88.6,1
A6VEEE9HOL004,Dealer,3 BHK,2224.059764,3,3,"Goregaon (East),Lalitpur",19.1615,72.8731,780,0
A3JBI5QDS32UEM,Dealer,2 BHK,759.8784195,1,0,"Joka,Kolkata",22.452032,88.298947,30,1
AMNCDXFZKL6MZ,Owner,3 BHK,2260.251857,3,3,"Wilson Garden,Bangalore",12.9506,77.5952,140,0
A2B7A8FJBT0HDX,Dealer,3 BHK,767.0182167,2,2,"DN Nagar,Maharashtra",20.742166,80.104602,240,1
AEIAXBIMAO9T0,Owner,4 BHK,2500,,2,"Ramprastha,Ghaziabad",28.66667,77.41667,160,1
A2OB1BFAEPAYBM,Dealer,2 BHK,2286.236854,2,2,"Gomti Nagar Extension,Lucknow",21,77,100,0
A3GT3KCGY9EYF4,Owner,3 BHK,1150.086256,2,2,"Sector-74 Noida,Noida",28.577673,77.389781,60,1
A2LYOWC3FC73XK,Dealer,3 BHK,1004.932182,3,2,"New Panvel,Mumbai",18.966114,73.148278,81.5,0
A7DSY3M6P6RG3,Owner,3 BHK,800,7,2,"Prantik,Kolkata",22.56972,88.36972,34,0
A1DTDSL1J6C05F,Dealer,3 BHK,993.75,3,2,"Subhas Pally,Siliguri",26.706157,88.439748,31.8,1
A19Y7MSOR2J7XP,Dealer,2 BHK,1298.139334,2,2,"Jatkhedi,Bhopal",23.169982,77.477889,30,1
ATBV3QRAVD2PJ,Dealer,2 BHK,996.797438,2,2,"Raj Nagar Extension,Ghaziabad",26.900926,75.775927,24.9,0
A226DRVTNFWM28,Owner,3 BHK,985.0194952,3,3,"CV Raman Nagar,Bangalore",12.98556,77.66389,48,1
ASIAOU4JW8LUG,Dealer,2 BHK,1118.75,2,2,"Medavakkam,Chennai",12.91716,80.19287,53.7,0
A2VOVLKP603R1T,Dealer,2 BHK,889.8305085,2,1,"Sector-137 Noida,Noida",28.506454,77.409568,42,1
A2XADCFYDXH7IV,Owner,3 BHK,2738.22563,2,2,"Basapura,Bangalore",12.863421,77.652405,150,0
A1KZUXE70GYNGO,Dealer,4 BHK,1725.490196,2,2,"Deonar,Maharashtra",19.049513,72.919204,440,1
A221AFCU6AE0QO,Dealer,2 BHK,2488.004265,2,3,"Sector-82 Mohali,Mohali",30.654128,76.732427,140,0
A2BAVWMHL130WY,Dealer,3 BHK,1200.082764,3,2,"Satgachi,Kolkata",23.207157,88.404471,58,0
A20B2BU1ZPY9AW,Dealer,4 BHK,1584.283904,2,1,"Tilak Nagar,Kanpur",26.459137,79.506922,100,1
A2T68P9I05KBFT,Owner,3 BHK,900,2,1,"Kalol,Gandhinagar",23.2257,72.51679,18,0
A2SLZMD0UYRT5X,Dealer,2 BHK,1193.440032,2,1,"Talegaon,Pune",18.441256,74.647361,60.4,0
A3UM3M6WSUN5BR,Owner,3 BHK,1487.357462,3,1,"Mansarovar Extension,Jaipur",26.8626,75.7633,30,1
A4TLHOUT1PHTL,Owner,3 BHK,989.9029895,3,3,"Sector-143 Noida,Noida",28.5035,77.426447,50,1
A3DKCBKDEO2GS3,Dealer,2 BHK,1155.020213,1,1,"Bhandup (West),Maharashtra",19.147866,72.932609,140,0
A1J87LOAYSMHO9,Owner,3 BHK,949.893137,2,1,"Eswaran Koil Street,Pondicherry",11.93,79.83,80,1
A1OIMIM4FHT4IG,Owner,2 BHK,875,2,2,"Sector-78 Noida,Noida",28.560719,77.386208,49,0
A3OXHLG6DIBRW8,Dealer,2 BHK,853.3611982,2,2,"Ananth Nagar,Bangalore",12.96991,77.59796,24.5,1
A2TJG4N8LNJW23,Owner,2 BHK,483.0917874,2,2,"Roha,Raigad",18.4543,73.1147,18,1
A2129VQGGHR150,Dealer,3 BHK,800,2,1,"Thane West,Maharashtra",19.18,72.96333,95,1
A1HQV09XG1Z0YW,Owner,3 BHK,802.0415603,3,2,"Ankur Vihar,Ghaziabad",28.66667,77.41667,22,1
A2ZNLPYMZOXLGX,Dealer,2 BHK,610.0660905,2,2,"Koyambedu,Chennai",13.069866,80.198423,48,1
A5IWYNX8RHRKL,Owner,2 BHK,1680.107527,2,2,"Naveen Nagar,Kanpur",28.861993,78.756315,75,0
A139RTDNMU3WY5,Owner,3 BHK,1150.136038,3,3,"Nirman Nagar,Jaipur",19.980678,79.297436,93,1
A212PEJ8E3TS3V,Owner,3 BHK,1550.114497,2,2,"Sector-75 Noida,Noida",28.576117,77.382136,88,0
AS89BWXQRDAMV,Owner,2 BHK,1699.834163,2,1,"Sahibabad,Ghaziabad",28.6711,77.3683,82,1
A3OOAICYUJT8EL,Owner,3 BHK,1600.170685,2,1,"Tripunithura,Kochi",9.952439,76.3632965,75,0
AMN6JEQ31G052,Owner,4 BHK,600.0566091,2,1,"Pen,Raigad",18.75,73.08,21.2,1
A35G909LKGM6R1,Dealer,3 BHK,1429.200617,3,2,"Sector-66A Mohali,Mohali",30.661104,76.746082,64.9,0
A1KQXO716WOOD6,Owner,3 BHK,1115.137998,2,3,"Dodda Banaswadi,Bangalore",13.008071,77.651295,80,1
A3AEEQSKFVN9NB,Dealer,3 BHK,2750.929368,3,1,"Sikandra,Agra",27.216013,77.950834,74,0
A25C2M3QF9G7OQ,Owner,2 BHK,1811.196487,2,2,"Kanke,Ranchi",23.35556,85.33472,99,1
A1ZZMVHSLQSE7R,Owner,2 BHK,1045.036079,3,3,"Narendrapur,Kolkata",22.43917,88.39583,42,0
A37RRNHOYQ7JPH,Dealer,3 BHK,3433.996566,3,2,"Sector-65 Gurgaon,Gurgaon",28.403138,77.070052,340,1
AQDT2YOPW35IU,Owner,3 BHK,1298.219585,3,1,"Electronics City Phase 1,Bangalore",12.840956,77.659441,70,1
A2JH47KQUPWVRO,Owner,4 BHK,1109.165207,2,0,"Katapady,Udupi",13.278237,74.747328,38,0
A2609IIYREBZRT,Dealer,4 BHK,1304.034182,2,2,"Kanchpada,Maharashtra",18.96,72.82,470,1
AC8PTTE9SEU9E,Dealer,3 BHK,1041.195111,2,2,"Sector-70 Noida,Noida",28.59632,77.38143,46,0
A2FZRO46DF0UHN,Dealer,2 BHK,2135.748916,2,1,"Sector 82 Faridabad,Faridabad",28.394375,77.357227,83.7,0
A1FERORG6RB1ZP,Owner,3 BHK,1850.180505,3,2,"Noida Extension,Noida",28.579004,77.431173,82,1
A1H2R3U6I562W,Dealer,2 BHK,1665.080875,2,1,"Kudasan,Gandhinagar",23.166495,72.63429,70,1
A30WKTJDBRD5UA,Owner,2 BHK,398.2621289,2,1,"Purseni,Lucknow",26.707154,80.982346,11,0
A13T2G4T8LR8XA,Owner,7 BHK,1005.025126,7,0,"Chandapura,Bangalore",12.80009,77.71182,48,1
A72H1W5S6UFMY,Dealer,3 BHK,4900.959771,3,3,"Kharadi,Pune",18.5438,73.9438,240,0
A1PTPN5SY7C7SW,Dealer,3 BHK,1294.016156,3,1,"4 Bunglows,Mumbai",19.128324,72.825408,330,1
AZ7289G0ILRFF,Dealer,2 BHK,1536.806516,1,1,"Sector-3 Vaishali,Ghaziabad",28.6423,77.3445,100,0
ALSAOZ1V546VT,Owner,4 BHK,1123.188406,2,0,"Kaggadasapura,Bangalore",12.9816,77.6729,62,1
A1ORGHJ9LSZB03,Dealer,3 BHK,800.1939864,3,2,"Jhotwara,Jaipur",26.955346,75.734793,16.5,0
A1JM25M2PSVPXE,Dealer,2 BHK,2655.807365,2,1,"Manpada,Maharashtra",19.239813,72.962722,300,0
A12T0F58OKHCIW,Dealer,2 BHK,1513.775356,2,1,"JP Nagar,Bangalore",12.905368,77.580403,100,1
A2APBHKZCMD6DO,Owner,2 BHK,1280,2,0,"Ponekkara,Kochi",9.930471,76.271273,48,0
A3F5EUYWKVWPJ6,Owner,3 BHK,410.0678733,3,1,"Sector-18 Vrindavan Colony,Lucknow",28.568846,77.324966,14.5,1
A2VJBGSGUC78FB,Dealer,3 BHK,3429.355281,2,2,"Vasna Road,Vadodara",22.312063,72.674296,100,1
A1T61QP7QHYBRQ,Dealer,8 BHK,890.0451869,8,2,"Sector-25 Khandeshhwar,Mumbai",28.582887,77.339935,65,1
A2KTYAKU1PEVCI,Owner,5 BHK,977.7082519,3,1,"Bicholi Mardana,Indore",22.1764,75.8193,25,0
A3K24YL6ORL11F,Dealer,3 BHK,1099.855282,3,1,"Syndicate Bank Colony,Bangalore",12.977126,77.577724,38,0
AVI998S4IX2Y1,Owner,2 BHK,1050.241272,2,1,"Paota,Jodhpur",26.29564,73.03943,37,0
A2ANZVA56T7RAG,Dealer,2 BHK,1400.241838,2,1,"Raj Nagar Extension,Ghaziabad",26.900926,75.775927,57.9,1
ARYNM1E978YX8,Dealer,7 BHK,1740.139211,7,2,"Sector 19 Kharghar,Mumbai",19.048979,73.078232,180,1
A28RMYGO9RGA0K,Dealer,3 BHK,1149.131767,3,2,"Marol,Lalitpur",24.69028,78.41889,180,1
A3JE18D4XD2PYF,Dealer,2 BHK,650.1950585,2,1,"Vadavalli,Coimbatore",11.026678,76.903583,20,1
A29ZSRDOYVO735,Owner,3 BHK,1355.01355,3,3,"Gopalpura Bypass,Jaipur",26.878068,75.779856,85,1
A197O1VYM9B8A3,Dealer,3 BHK,1800.072003,3,2,"Rasanna Colony,Bangalore",12.96991,77.59796,150,0
A3UV9TOZW3XXPV,Dealer,3 BHK,907.6305221,2,2,"Taloja,Maharashtra",21.56128,74.21238,33.9,1
A250IZTJ5UN2EI,Dealer,2 BHK,1636.296021,2,1,"Budigere,Bangalore",13.141581,77.749756,88,0
A2IJOBHJXEZSS2,Owner,3 BHK,900.2520706,2,3,"Tarsali,Vadodara",22.261354,73.215533,25,1
A3U2QAY7SVE9AI,Owner,3 BHK,1318.044023,2,2,"Doddakannelli,Bangalore",12.905538,77.694263,100,0
A3GIMXLOEPFJBV,Dealer,2 BHK,1949.586451,2,2,"Sector-88 Mohali,Mohali",30.684523,76.691728,99,1
AMRMK86X3PKXD,Dealer,2 BHK,1643.36522,2,1,"Kakkanad,Kochi",9.930471,76.271273,67,0
A1TYA1IYI3LGUC,Dealer,2 BHK,1233.045623,2,2,"Kanjur Marg (East),Maharashtra",18.96,72.82,210,1
A2NO1TXXS9T0EE,Dealer,3 BHK,655.0802139,3,3,"Sector 20 Ulwe,Maharashtra",18.964489,73.019574,49,0
A1IRN1M05TPOVT,Owner,3 BHK,1180.173092,3,1,"Ferrar Nagar,Bangalore",12.96991,77.59796,75,1
ARONI7W0W677H,Owner,4 BHK,1200.087279,2,0,"Sahibabad,Ghaziabad",28.6711,77.3683,55,0
A1Y3XPZK9ZADFW,Dealer,3 BHK,6974.645114,2,3,"New Alipore,Kolkata",22.53028,88.33417,1700,1
A1Y3XPZK9ZADFW,Owner,2 BHK,2700.075602,2,1,"Sector-98 Noida,Noida",28.535689,77.359671,250,1
A1ELZC3WXWILX2,Owner,3 BHK,850.0991782,3,1,"Ajmer Road,Jaipur",26.928785,75.828002,30,0
A1X5RAIMX4ZSLJ,Dealer,4 BHK,2636.296531,2,2,"Konanakunte,Bangalore",12.8855,77.5638,250,1
A1IRN1M05TPOVT,Owner,3 BHK,900.0163639,3,1,"Roopena Agrahara,Bangalore",12.928575,77.585721,55,0
A1S8ELUE383P8E,Dealer,2 BHK,2472.952087,2,0,"NIBM,Pune",18.475864,73.890009,160,0
A2OEUROGZDTXUJ,Dealer,3 BHK,904.0656205,2,2,"Suraksha Nagar,Bangalore",20.098413,79.10786,50.7,1
A17V3UVYMI69TE,Dealer,3 BHK,265.0033933,2,1,"Andheri (East),Lalitpur",19.1145,72.8712,82,1
A22PUBSSNP54L,Dealer,2 BHK,1570.306924,2,1,"Tonk Road,Jaipur",26.16667,75.78333,110,0
A15USNEAJUXOSH,Dealer,3 BHK,955.4140127,2,2,"Hiranandani Estate,Lalitpur",19.255098,72.9815265,150,1
A15USNEAJUXOSH,Dealer,6 BHK,1000,3,0,"Sector-53 Noida,Noida",28.593566,77.362752,60,0
A2BLJGGWN8GTXQ,Dealer,1 BHK,2494.747899,1,1,"Kadugodi,Bangalore",12.995285,77.766797,95,1
A1FXCNUVQ6FOMC,Owner,2 BHK,1150.130348,2,1,"Villivakkam Near ICF Bus Stand,Chennai",13.1101,80.2095,75,0
A926YP1BSD72Y,Dealer,3 BHK,1210.136674,2,1,"Kamothe,Mumbai",19.0168,73.09646,85,1
A33PLZ7SD5MCG0,Dealer,3 BHK,1365.001365,3,3,"Sector-11 Ghansoli,Mumbai",19.126499,72.99956,200,0
A3EEBE82C3HYRD,Dealer,3 BHK,499.6366279,3,2,"Hiranandani Estate,Maharashtra",19.255098,72.9815265,110,1
A35JPD8Q492FJC,Dealer,5 BHK,1050.144395,3,2,"Manjalpur,Vadodara",22.271214,73.188827,40,0
A391CLP4UMXJQG,Owner,1 BHK,476.0204689,1,0,"Madanandapuram,Chennai",13.020957,80.152774,40,0
AYB4ELCS5AM8P,Dealer,1 BHK,985.452839,1,2,"Hajipur,Noida",28.538774,77.366515,21,1
A2GOE7ITDGYVE,Dealer,2 BHK,1045.296167,1,1,"Sector 77 Faridabad,Faridabad",28.368269,77.37273,24,1
A19G8B2QYETD7W,Dealer,2 BHK,1301.89498,2,3,"Sarjapur Road,Bangalore",12.86,77.786,90,1
A3PZ4AXTY9J1DZ,Owner,3 BHK,2000,3,2,"Alwar Bypass Road,Bhiwadi",28.2102,76.8606,38,0
ACFPHOYVB71V4,Dealer,3 BHK,4465.709729,3,2,"Sector-108 Noida,Noida",28.526624,77.376718,280,1
A1H80WDFOR94Q5,Dealer,3 BHK,1192,3,2,"Nayapalli,Bhubaneswar",20.286571,85.810906,59.6,0
A3Q5YZNYGGUP8W,Dealer,2 BHK,1846.153846,2,1,"New Town,Kolkata",22.5922,88.484911,120,1
AKRLMISQPL8QW,Dealer,3 BHK,448.5310608,3,2,"Kanjur Marg (East),Mumbai",19.221571,73.042474,120,1
A2MUGFV2TDQ47K,Owner,2 BHK,750.0604887,2,2,"Gyan Khand 2,Ghaziabad",28.66667,77.41667,31,0
A1465JH39KR5O5,Dealer,2 BHK,1060.070671,2,1,"Roadpali,Maharashtra",19.040066,73.115347,72,1
A1L17QW3R7A519,Dealer,2 BHK,1415.09434,2,0,"Electronic City Phase II,Bangalore",12.8458,77.6727,79.5,1
AOSFLVLMAG0N5,Dealer,2 BHK,1160.062565,2,2,"Sector-35G Kharghar,Maharashtra",18.96,72.82,89,0
A2H2Q5RW1K56AI,Dealer,4 BHK,1690.024732,2,1,"Goregaon (East),Lalitpur",19.1615,72.8731,410,1
A13VD7TJDWVOEC,Owner,3 BHK,1672.762741,2,3,"Sector-143B Noida,Noida",28.495803,77.426848,68.6,0
AKKQKYX8ODUAF,Owner,4 BHK,1315.265046,3,2,"RM Park,Valsad",20.606469,72.913465,33,1
A3RB0YBBYGXBYE,Dealer,7 BHK,650.026001,7,1,"Kalyan (West),Mumbai",19.245347,73.124577,50,0
A3492ZW10B65ON,Owner,2 BHK,540.1755571,2,2,"Saphale,Palghar",19.585537,72.836868,16,1
A2ZEFDVX4X5TPX,Dealer,2 BHK,1830.065359,2,2,"Suraksha Nagar,Bangalore",20.098413,79.10786,98,0
A2MMTWKCJET6S,Dealer,2 BHK,1575.157516,2,2,"Judges Enclave,Ghaziabad",28.66667,77.41667,70,1
A3RMGIKUWGPZOK,Dealer,3 BHK,1530,3,1,"Harlur Road,Bangalore",12.904179,77.665897,76.5,0
A1E2Y40TTPL8YK,Owner,3 BHK,619.6377502,3,2,"Byagadadhenahalli,Bangalore",12.758604,77.700377,26,1
A56JFSLUCHI4J,Owner,2 BHK,2200,2,1,"Citylight Area,Surat",21.17,72.83,110,0
A1DW1FK1H3F2TM,Dealer,2 BHK,1757.188498,2,2,"Action Area IID,Kolkata",40.67197199,-86.15292909,77,1
A3PJZ8TU8FDQ1K,Dealer,3 BHK,1087.885617,2,1,"Manpada,Mumbai",19.239813,72.962722,140,1
A3PJZ8TU8FDQ1K,Owner,2 BHK,1199.862873,2,2,"Doddakallasandra,Bangalore",12.880993,77.557654,70,0
AU3VZDTQH0J4M,Owner,2 BHK,1265.035255,2,1,"Bhuvaneshwari Nagar,Bangalore",13.033421,77.603954,61,1
A3B0HXAUWCLSZO,Dealer,3 BHK,676.0453302,2,2,"Ganganagar,Kolkata",22.301625,88.242147,17.3,0
A17UR3NRLARXCH,Owner,3 BHK,800,2,2,"Mohan Nagar,Ghaziabad",28.678014,77.38296,42,0
A31N6KB160O508,Owner,3 BHK,750.0750075,3,2,"Maheshtala,Kolkata",22.486821,88.233267,25,1
A339FKUBFG0VLX,Dealer,2 BHK,1500,2,1,"Anna Nagar West,Chennai",13.086769,80.191135,150,1
A3MLESXA2VGWJC,Dealer,2 BHK,1814.285714,2,2,"Khandagiri,Bhubaneswar",20.257483,85.780142,88.9,0
A3UCO7B9HP42BG,Dealer,4 BHK,1195.652174,3,0,"Ghodbunder Road,Lalitpur",24.69028,78.41889,110,1
A1DOBB5XZ1KMZ5,Dealer,4 BHK,1395.032324,2,1,"Raj Nagar Extension,Ghaziabad",26.900926,75.775927,41,0
A3I96LKK3S15D0,Owner,3 BHK,850.1594049,3,2,"Palghar,Palghar",19.696531,72.767746,24,1
A2LS9RBSI8SDZF,Dealer,3 BHK,909.4339623,3,2,"Keelkattalai,Chennai",12.957707,80.183671,48.2,0
A324FVIOYCWNSB,Owner,3 BHK,910.0937672,3,2,"Ramna,Varanasi",25.248438,83.014116,33,1
A1RRHET1QIP1YK,Dealer,3 BHK,1850.070303,3,3,"Aga Abbas Ali Road,Bangalore",12.96991,77.59796,250,0
A12OF4IM7A8YS,Dealer,2 BHK,2069.857697,2,1,"Sector-107 Noida,Noida",28.546788,77.378494,160,1
AUHS7PQNAHNDI,Dealer,3 BHK,820.0082001,3,0,"Thane West,Mumbai",19.18,72.96333,140,0
A26ONAQEIUEMV4,Dealer,1 BHK,1241.80752,1,1,"Sargasan,Gandhinagar",23.182972,72.611485,36,1
AOHRHPJP38LLT,Dealer,3 BHK,1014.120668,3,3,"Kharadi,Maharashtra",18.5438,73.9438,79,0
A1AXXMJQ3NDIFK,Dealer,3 BHK,2302.158273,3,2,"Sector-70 Mohali,Mohali",30.697795,76.714722,160,1
A31N6KB160O508,Dealer,3 BHK,900.0782677,3,2,"Sector 35I Kharghar,Lalitpur",24.69028,78.41889,69,1
A31N6KB160O508,Builder,3 BHK,898.5074627,2,3,"Jalukbari,Guwahati",26.154874,91.670312,30.1,0
A1WQ3UGXPT15VI,Dealer,4 BHK,2235.294118,2,1,"C-Scheme,Jaipur",26.91667,75.86667,190,0
A1B05INWIDZ74O,Dealer,2 BHK,1350,2,1,"Sector-50 Noida,Noida",28.5679,77.3679,81,0
A1B05INWIDZ74O,Dealer,3 BHK,1100.110011,,2,"Warje,Pune",18.485487,73.803773,70,1
A3TEMXOLE1APPZ,Dealer,3 BHK,612.1199755,2,2,"Mambakkam,Chennai",12.8356,80.1682,30,1
A2OAYIM13WIXCH,Owner,2 BHK,1100.352113,2,2,"Sai Nagar,Amravati",20.892133,77.741664,25,1
A2BFFXK7TEINBE,Dealer,2 BHK,5194.805195,2,1,"Sector-128 Noida,Noida",28.522931,77.357078,400,0
A3N9DN0V2YXAXA,Dealer,3 BHK,1475.256769,3,2,"Sector-137 Noida,Noida",28.506454,77.409568,79,1
A2C5BWOM7329UD,Dealer,2 BHK,2780.191138,2,1,"Sector-79 Noida,Noida",28.558047,77.392752,160,0
APGAA43E3WPN7,Builder,2 BHK,300.0260892,2,2,"Kachimet,Lalitpur",24.69028,78.41889,11.5,1
ABR7HU5H1KNE,Owner,2 BHK,1000,2,2,"Venkojipalem,Visakhapatnam",17.7,83.25,50,0
AJQD2WWJYOYFQ,Dealer,2 BHK,1532.720245,2,2,"Goregaon (East),Mumbai",19.1615,72.8731,230,1
A16YH487W9ZYO0,Dealer,2 BHK,995.8314034,2,2,"Sevasi,Vadodara",22.311323,73.121275,21.5,0
A83YQC1XOU4CS,Dealer,2 BHK,1646.706587,2,2,"Sector-90 Gurgaon,Gurgaon",28.406794,76.936447,110,1
A2LGWBIT9WCTVA,Dealer,3 BHK,2350.965575,2,1,"Sunny Enclave,Mohali",30.664299,76.817624,56,0
A3TX8RH943OLBM,Owner,2 BHK,534.061239,2,2,"Sector 55 Faridabad,Faridabad",28.34532,77.299035,45,1
A3L4OZ0U0A5UDH,Dealer,3 BHK,1100,3,1,"Majiwada,Mumbai",19.218498,72.992114,110,0
A2OEUROGZDTXUJ,Dealer,5 BHK,1968.888889,3,2,"GS Road,Guwahati",26.16667,91.76667,88.6,1
A30H2335OM7RD6,Dealer,2 BHK,2196.354052,2,2,"Sector-110 Noida,Noida",28.536585,77.383669,100,0
A2SYKMR242D0X6,Dealer,1 BHK,2400,1,1,"Laxmi Nagar,Mumbai",22.281215,70.789479,300,1
A27YPCR3ZXWVFE,Dealer,8 BHK,1650.252861,8,2,"Hadapsar,Pune",18.49667,73.94167,62,1
A39Y59C6FTC0GL,Dealer,1 BHK,632.0572845,1,1,"Vasai East,Mumbai",19.402549,72.854418,45.9,0
A3I5AT1101AS3A,Owner,3 BHK,1034.965035,3,3,"Chinhat,Lucknow",26.882832,81.033767,37,1
A22LENLDTGQIU7,Dealer,2 BHK,965.0439631,2,3,"kavesar,Maharashtra",18.96,72.82,90,0
A2ZCD6KO2YY9IZ,Builder,3 BHK,600.5495224,3,1,"Sus,Lalitpur",24.69028,78.41889,45.9,0
A2C18CH1YC6BYT,Dealer,2 BHK,984.8484848,2,1,"Hiranandani Estate,Mumbai",19.255098,72.9815265,130,1
A2M8JQ3AME7878,Dealer,3 BHK,1700.060716,3,1,"Chembur,Mumbai",19.05871,72.89969,420,1
A3B6TOEXSQVO24,Dealer,3 BHK,546.0145604,3,2,"Thane West,Mumbai",19.18,72.96333,58.5,0
A16S0NQ3MWJXFL,Dealer,3 BHK,1195.499297,3,2,"Karamsad,Anand",22.55,72.9,17,1
A1UM73T71CFPSY,Dealer,2 BHK,1677.468547,1,1,"Thakur Village,Mumbai",18.914541,72.818211,220,0
A38KP1POQ191WT,Dealer,2 BHK,1699.716714,2,2,"Crossing Republik,Ghaziabad",28.629811,77.434197,48,1
A1AVLKAXW55QQA,Dealer,2 BHK,1075.027996,2,2,"sector-121 Noida,Noida",28.602325,77.401994,48,0
A2DQBXU2LEVWWA,Dealer,2 BHK,485.790072,2,2,"Balkum,Mumbai",19.222101,72.988231,64.1,1
A4NDPXCYKRCY2,Owner,2 BHK,929.8998569,2,1,"Rajarajeshwari Nagar,Bangalore",12.919423,77.522774,52,0
A3TK2IOP8UQ087,Dealer,4 BHK,1438.021283,2,0,"Hiranandani Gardens - Powai,Lalitpur",19.124896,72.893503,600,1
AYBYYDVV5ABJE,Dealer,2 BHK,5299.954894,2,2,"Iblur Village,Bangalore",12.91668,77.59196,470,0
A3MFU0GVZUVH3K,Dealer,2 BHK,1020.181859,2,1,"Thanisandra,Bangalore",13.055985,77.622157,46,0
A27C44BIRQH3QW,Owner,5 BHK,1070.135002,3,2,"Vaishali,Ghaziabad",28.6423,77.3445,65,1
ACYR6O588USK,Owner,3 BHK,2400.384061,3,2,"Tiruchanur,Tirupati",13.603543,79.460402,50,1
A13SOXNMWXQVNU,Owner,4 BHK,1767.388826,3,2,"Kompally,Secunderabad",17.546483,78.480303,77.5,1
A1MFG9E45RX5OW,Builder,3 BHK,524,3,2,"Tathawade,Pune",18.6182,73.7447,26.2,0
A2L9028WTVFL1I,Dealer,2 BHK,923.7875289,2,2,"Sector-63A Gurgaon,Gurgaon",28.359199,76.836683,120,0
A1BXG0K7UD9CTD,Dealer,2 BHK,1657.275439,2,1,"Banashankari Stage VI,Bangalore",12.9223,77.5532,100,0
AY1EF0GOH80EK,Dealer,2 BHK,680,2,2,"Mulund (West),Lalitpur",19.1759,72.9522,170,1
AWLK6NSSV0YNA,Owner,4 BHK,1100.478469,2,0,"Gorwa,Vadodara",22.3301,73.1611,23,1
A15U6JW86FB9OV,Dealer,3 BHK,1701.694915,3,2,"Bhatagaon,Raipur",21.152442,81.090184,50.2,1
ALCKGM3XF391,Owner,3 BHK,451.0309278,2,2,"Shalimar Garden Extension II,Ghaziabad",28.689982,77.339807,14,1
A1LERBW69A3FDS,Dealer,2 BHK,2727.856226,1,1,"Rajarhat,Kolkata",22.54111,88.33778,85,1
A3CN9CCJUNIPKT,Owner,3 BHK,1000,3,2,"Cantonment,Vizianagaram",18.11667,83.41667,30,0
A3P8OWYR65G9UF,Dealer,2 BHK,1790.18976,2,1,"Sector-81 Gurgaon,Gurgaon",28.388225,76.946376,100,1
A2EMS62FCYODRS,Owner,3 BHK,1100.352113,3,2,"Patuli GhoshPara,Kolkata",22.598675,88.438512,25,0
A18VDAH788BOAC,Dealer,2 BHK,1232.162459,2,1,"Sector 80 Faridabad,Faridabad",28.381971,77.347688,44.9,1
A2NI99G9BANORP,Dealer,2 BHK,497.988891,2,1,"Dharapur,Guwahati",26.13722,91.62778,26,0
A2A1XYSB692L6J,Owner,3 BHK,1726.017442,2,3,"Kadugodi,Bangalore",12.995285,77.766797,95,1
A3RMGIKUWGPZOK,Dealer,3 BHK,1320.052802,3,2,"Kharadi,Pune",18.5438,73.9438,110,0
A2TN9C5E4A0I3F,Owner,2 BHK,990.0990099,2,1,"New Shanti Nagar,Raipur",21.250076,81.660749,25,1
A2LN5DDGT21310,Dealer,4 BHK,675.0441375,2,2,"Sector-35G Kharghar,Lalitpur",24.69028,78.41889,65,0
A3GJQ3W0T0KWEO,Owner,3 BHK,674.0361283,3,3,"Punkunnam,Thrissur",10.5339,76.2085,25,1
A1PGMT8XLL4FPM,Dealer,3 BHK,775.1114886,3,3,"Sector-99 Noida,Noida",28.543278,77.358896,36.5,0
A4XCTURC8URLE,Dealer,2 BHK,718.1042049,2,1,"Powai,Lalitpur",19.12,72.91,180,1
A21D8LH2CD2EIZ,Dealer,3 BHK,3200,2,1,"Sector-150 Noida,Noida",28.429614,77.481711,180,1
A14SOW889A4TAT,Owner,3 BHK,945.1795841,3,0,"Giduri,Satna",24.586021,80.787404,30,0
A6UFSCD6O8JMT,Dealer,3 BHK,1089.028042,3,1,"Laxmi Nagar,Maharashtra",20.07911,73.911636,160,1
A14HZ5EMD2WCG,Dealer,3 BHK,942.1518749,2,1,"Mysore Road,Bangalore",12.96991,77.59796,50,0
A3ARC3UIY3Z1KQ,Dealer,3 BHK,1370,2,2,"Nirman Nagar,Jaipur",19.980678,79.297436,82.2,0
A2B5OI74EHGVH1,Owner,2 BHK,1265.111049,2,1,"Andalpuram,Madurai",9.90708,78.102316,90,1
ATZ0P4653KL13,Dealer,3 BHK,1394.31121,2,2,"Dhokali,Lalitpur",24.69028,78.41889,100,1
A2GDBBZMMBX1L,Dealer,2 BHK,800,2,2,"Chandapura,Bangalore",12.80009,77.71182,27,0
A35KU4XNOVV194,Dealer,2 BHK,1505.144771,2,2,"Zirakpur,Chandigarh",30.662283,76.822397,62.9,1
A3D7FUBG14QWKX,Owner,2 BHK,1067.270375,2,1,"Shiv Mandir,Siliguri",25.232239,71.392013,33,0
APA1GLNHF6K9H,Owner,2 BHK,1400.059577,2,2,"Kathreguppe,Bangalore",12.913771,77.768321,94,1
A31MZR41SM9JU5,Dealer,2 BHK,728.9473684,2,2,"Pratap Nagar,Jaipur",26.807408,75.838659,27.7,0
A1RUS8VOWCIC28,Dealer,2 BHK,1293.103448,2,1,"Raj Nagar Extension,Ghaziabad",26.900926,75.775927,37.5,1
A10RJEQN64ATXU,Builder,2 BHK,106469.0027,2,1,"Vishrantwadi,Lalitpur",24.69028,78.41889,9480,0
A2OLJKXJBAYBTY,Dealer,2 BHK,2939.624633,2,3,"Sector-65 Gurgaon,Gurgaon",28.403138,77.070052,390,0
A3UFRBCC1CSCSJ,Dealer,3 BHK,1431.068385,3,1,"Sector-66A Mohali,Mohali",30.661104,76.746082,65.5,1
AR7TAEEUDHMUB,Owner,2 BHK,1350.063532,2,2,"BTM 1st Stage,Bangalore",12.96991,77.59796,85,0
A320QA9HJFUOZO,Owner,4 BHK,750.1630789,2,0,"Pal Gam,Surat",21.189685,72.841062,23,0
A1GBZCL326K4GN,Dealer,3 BHK,1170.074459,3,1,"Ghodbunder Road,Lalitpur",24.69028,78.41889,99,1
ADS5APY1NKTL4,Owner,4 BHK,1121.076233,3,2,"Dixit Nagar,Lalitpur",24.69028,78.41889,45,1
A3ARZW7S96SESC,Dealer,2 BHK,1904.761905,2,1,"Sector-44 Chandigarh,Chandigarh",30.714837,76.751896,100,0
A2JFHMA59G55MJ,Dealer,3 BHK,7054.132802,2,1,"Sector-81 Gurgaon,Gurgaon",28.388225,76.946376,460,0
AJWLSDYCSQNBL,Dealer,3 BHK,950.0285009,3,0,"Malad (East),Maharashtra",19.1758,72.8643,150,0
AG7EF0SVBQOUX,Owner,3 BHK,969.9321048,3,2,"Mylasandra,Bangalore",12.852041,77.616315,40,1
A1FAHUMEJO9S1K,Dealer,2 BHK,636.0078278,2,3,"Sector 35I Kharghar,Mumbai",19.038205,73.06612,52,1
A3RMGIKUWGPZOK,Dealer,1 BHK,4578.507945,1,1,"Sathya Sai Layout,Bangalore",12.929162,77.629041,340,1
AWM1SL1PYY3A3,Owner,3 BHK,700.0259269,3,2,"Wagholi,Pune",18.5823,73.983,27,0
AW11YEHZRZ4D1,Dealer,4 BHK,1859.637775,2,3,"Majiwada,Lalitpur",19.218498,72.992114,230,1
A3PJZ8TU8FDQ1K,Owner,3 BHK,1700.186606,3,3,"ISBT Tutikandi,Shimla",31.097061,77.154897,82,0
AX7K82LNPVATT,Dealer,2 BHK,1847.187238,2,3,"Sector-86 Gurgaon,Gurgaon",28.397468,76.945489,110,1
A2VQWV1HMW99AS,Dealer,3 BHK,509.5541401,3,3,"Panvel,Maharashtra",18.966114,73.148278,40,0
A1Q7A78VSQ5GQ4,Dealer,2 BHK,1427.424391,2,1,"Prince Anwar Shah Rd.,Kolkata",22.56972,88.36972,160,1
AV51MFS5XJXFP,Owner,3 BHK,715.0518413,3,3,"Jaisinghpura,Jaipur",26.532207,75.520538,20,0
A20K6K9TZGX7RQ,Owner,2 BHK,1393.214227,2,2,"Nehru Nagar,Bangalore",19.062322,72.880754,85,1
A2A8KWCE8RKB9T,Owner,5 BHK,900.3215434,3,2,"Sector-127 Mohali,Mohali",30.768683,76.650876,22.4,0
A27GRVH9ZJGXLT,Dealer,2 BHK,1000,2,2,"Thane West,Mumbai",19.18,72.96333,120,1
A2E74M662DXAAR,Dealer,2 BHK,1699.235344,2,2,"Prince Anwar Shah Rd.,Kolkata",22.56972,88.36972,220,0
A3JJI4J8XAMK5Y,Dealer,2 BHK,1361.256545,2,2,"Sector 86 Faridabad,Faridabad",28.406388,77.342588,39,1
A1CMTRQCJFV8L3,Dealer,2 BHK,8301.130671,2,1,"Shanthala Nagar,Bangalore",12.9732,77.5999,2900,0
A2R9GBWL1CDBN1,Owner,2 BHK,930.0595238,2,1,"mangamuru road,Ongole",15.492375,79.977829,25,1
A3PSJEB2O37G8U,Dealer,2 BHK,1656.244719,2,1,"Sector-75 Noida,Noida",28.576117,77.382136,98,1
A2OEUROGZDTXUJ,Owner,2 BHK,625,2,2,"Opp reliance market, near ram lila maidan,Surat",21.193352,72.851857,15,0
A2933AO5D7O1T6,Dealer,4 BHK,1437.145715,2,3,"Jagatpura,Jaipur",26.832353,75.841749,43.1,1
A2NO1TXXS9T0EE,Dealer,3 BHK,670.0554529,3,2,"Shewalewadi,Pune",18.486057,73.973718,29,0
A2II09GQGWOMTQ,Dealer,4 BHK,1345.023413,2,1,"Parel,Lalitpur",18.996549,72.842967,540,0
AQQLWCMRNDFGI,Owner,3 BHK,400,3,2,"NH-8,Neemrana",12.973237,77.646859,8,1
A24ZV048V7J0MT,Builder,2 BHK,1339.141659,2,2,"Dagapur,Siliguri",26.741803,88.395904,41.5,1
A3L5L1NZIKLSJU,Dealer,2 BHK,930.0048948,2,2,"Mira Road East,Mumbai",19.2836,72.8675,95,0
A5U1K1NRQEZW9,Dealer,3 BHK,1152.134067,2,1,"Akshaya Nagar,Bangalore",12.96991,77.59796,44,1
A216YA3CYXIOGI,Dealer,3 BHK,957.7864491,3,2,"Kalwar Road,Jaipur",26.9883,75.5846,27,0
A20FQULBVVWA8B,Dealer,2 BHK,1170,2,1,"Khardah,Kolkata",22.72,88.38,35.1,1
A1LFB8KRBI9IE2,Dealer,4 BHK,706.5985433,2,2,"Chembur,Lalitpur",19.05871,72.89969,130,0
A2N10M1J3KJZK4,Dealer,2 BHK,1100.020371,2,2,"Jakkur,Bangalore",12.928575,77.585721,54,1
A3NXBP212KFH5X,Dealer,3 BHK,297.029703,3,2,"Taloja,Lalitpur",24.69028,78.41889,27,0
A3RMGIKUWGPZOK,Dealer,2 BHK,1120.099564,2,1,"Sector 80 Faridabad,Faridabad",28.381971,77.347688,36,0
A3PM9DMVYG9HDK,Owner,2 BHK,1250,2,2,"Jhotwara,Jaipur",26.955346,75.734793,28,0
A3PJZ8TU8FDQ1K,Dealer,4 BHK,625,3,2,"Badlapur,Mumbai",18.96667,72.83333,25.5,0
A3PJZ8TU8FDQ1K,Owner,3 BHK,489.9959167,3,3,"Loni,Ghaziabad",28.75,77.28,12,0
A2TMSO255FQBBU,Builder,2 BHK,2047.502048,2,0,"Zirakpur,Chandigarh",30.662283,76.822397,100,1
A20ORC60J05BP3,Dealer,2 BHK,2944.840865,2,3,"Hoodi,Bangalore",12.989437,77.717806,260,1
AYSEXV27DPQ3E,Dealer,2 BHK,650.0171057,2,2,"Koproli,Raigad",18.753059,73.067228,38,0
AX668BUQRHI7C,Owner,2 BHK,1670.227229,2,2,"Akshayanagara East,Bangalore",12.96991,77.59796,86,1
A3MPHBL698EET7,Dealer,3 BHK,3571.428571,3,1,"Sector-128 Noida,Noida",28.522931,77.357078,260,0
A1LA5T5SXLGFZQ,Builder,1 BHK,844.7368421,,2,"Danapur,Patna",25.63333,85.05,32.1,1
A2YKWYC3WQJX5J,Owner,2 BHK,700.0656312,2,2,"Shalimar Garden Extension I,Ghaziabad",28.689982,77.339807,32,1
A1JBB01LAK69LV,Dealer,3 BHK,1400.094922,2,0,"Raj Nagar Extension,Ghaziabad",26.900926,75.775927,59,1
AKMEY1BSHSDG7,Owner,3 BHK,437.6367615,3,1,"NH-8,Neemrana",12.973237,77.646859,10,1
A2F7GUZ4UMVHFL,Dealer,3 BHK,1165.181631,3,0,"Sector-168 Noida,Noida",28.494868,77.410298,51,1
A3RO3CGZ9MWA1I,Owner,3 BHK,766.1888285,3,2,"Vavol,Gandhinagar",23.22533,72.619511,31,0
A37D5847LN3WQ,Owner,2 BHK,550,2,1,"Hotgi,Solapur",17.58333,75.98333,22,1
A1GV4HEM6XZC06,Dealer,2 BHK,678.070581,2,1,"Thanisandra,Bangalore",13.055985,77.622157,44,0
ABCXJIXC6Q6EB,Dealer,3 BHK,1085.13112,3,2,"New Town,Kolkata",22.5922,88.484911,84,1
A3MTY0ZE9WYJHL,Dealer,2 BHK,1349.741961,2,3,"Sector-70 Mohali,Mohali",30.697795,76.714722,68,0
A3E9OJWHMXMYYF,Dealer,1 BHK,1826.656589,1,1,"Althan,Surat",21.151992,72.81002,72.5,1
A2PYL0PSX5MQYQ,Owner,3 BHK,1478.785121,3,2,"Rayasandra,Bangalore",12.87004,77.673275,130,0
A2J4K5SCKZH38C,Dealer,3 BHK,1158.940397,3,1,"Sarjapur Road,Bangalore",12.86,77.786,70,1
ADS5APY1NKTL4,Dealer,2 BHK,1081.620767,2,2,"Worli,Maharashtra",19.0167,72.8167,520,0
AKGQ6RM68SQY1,Dealer,4 BHK,1424.020986,3,3,"Bharathi Nagar,Bangalore",11.954995,79.830243,76,1
A3TA1UJWRJF9NC,Dealer,2 BHK,742.482366,2,1,"Borivali (East),Lalitpur",19.235,72.8598,180,0
A3M174IC0VXOS2,Dealer,2 BHK,1099.76247,2,2,"Tathawade,Pune",18.6182,73.7447,46.3,1
A2FVD05Z2FYW1P,Owner,3 BHK,740.1812689,3,0,"Saligrama,Udupi",13.500946,74.697713,24.5,1
A3M2VGWFJGRUOH,Dealer,4 BHK,1036.001036,2,2,"Hadapsar,Pune",18.49667,73.94167,80,0
A28HKCWJ7YF2AI,Owner,1 BHK,1649.862511,1,1,"Ashok Nagar,Vijayawada",16.481141,80.688775,72,1
A36QQYEW0AMJEO,Dealer,2 BHK,626.0551491,2,1,"Virar West,Lalitpur",19.4559,72.8114,44.5,0
A1IVFBJA9KAI1M,Owner,1 BHK,686,1,0,"masthan gori street old post office,Chennai",13.09,80.27,34.3,0
A16Q0OV7CIPQC0,Owner,2 BHK,711.1813512,2,3,"Patel Colony,Jamnagar",22.485666,70.058918,18,1
A2OL5WLCNZVD9K,Owner,2 BHK,1199.926158,2,2,"Mysore Road,Bangalore",12.96991,77.59796,65,1
A1I29JSIGJNWKH,Dealer,2 BHK,1250,2,2,"Dhakuria,Kolkata",22.509911,88.356659,110,0
A28870VSBU9LDQ,Dealer,2 BHK,1661.415067,2,1,"Sector 88 Faridabad,Faridabad",28.431862,77.351104,58,1
A2Y0FKOY6WE0NQ,Dealer,4 BHK,378.0197772,3,2,"Ranjnoli,Lalitpur",24.69028,78.41889,30.2,0
ACJW2YSBG2HA1,Dealer,2 BHK,1165.00092,2,2,"Mulund (West),Lalitpur",19.1759,72.9522,190,1
A1J5HHOPXZ6UNF,Dealer,2 BHK,1099.967648,2,1,"Chembur,Mumbai",19.05871,72.89969,170,0
A2W1A5GK4A03ZT,Dealer,3 BHK,810.1016727,3,2,"Shakti Udyog Nagar,Palghar",19.708959,72.784433,24.7,1
A1RZ4VH27NLDGS,Dealer,2 BHK,1439.884809,2,2,"Sainik Colony,Faridabad",28.255907,77.065858,40,0
ARMHQHFZZII2S,Dealer,3 BHK,1246.873884,2,1,"Raj Nagar Extension,Ghaziabad",26.900926,75.775927,34.9,0
AXSDHRCTHLA7V,Builder,3 BHK,567.8579259,3,2,"Pen,Raigad",18.75,73.08,25.9,1
A4RC31AVN5LWJ,Dealer,1 BHK,3134.040501,1,0,"Sector-121 Mohali,Mohali",30.696627,76.693764,130,0
AZ2NEHE8TNRUW,Owner,3 BHK,1800.720288,3,2,"Borsad Chokdi,Anand",22.414402,72.90369,15,0
A3TXK9O5IP3CWQ,Owner,3 BHK,722.8449942,3,0,"Harni,Vadodara",22.337395,73.225215,18.7,1
ATGPKFUEPU3UU,Owner,3 BHK,508.0627347,3,2,"Kathirvedu,Chennai",13.09,80.27,23,1
A2ZP7F2XXKGUCR,Dealer,2 BHK,805.0603795,2,2,"Sector 20 Kharghar,Lalitpur",19.049214,73.072916,70,0
A36FYX8CUVHD7A,Owner,2 BHK,1215.277778,1,1,"Jhotwara,Jaipur",26.955346,75.734793,21,0
ADC5ZCN8OLFO1,Dealer,2 BHK,2919.152177,2,2,"Hosakerehalli,Bangalore",12.96991,77.59796,230,0
AY1EF0GOH80EK,Owner,2 BHK,1050.105011,2,1,"Basavangudi,Bangalore",12.9437,77.5702,70,1
A2DLQ100P4PBMM,Dealer,2 BHK,1240.03543,2,1,"Sector 35I Kharghar,Lalitpur",24.69028,78.41889,98,1
AR1T36GLLAFFX,Dealer,3 BHK,3939.393939,3,2,"Tonk Road,Jaipur",26.16667,75.78333,130,1
A6GMEO3VRY51S,Dealer,3 BHK,1300.025491,2,0,"Mahammadpur Kazi,Muzaffarpur",26.088505,85.365175,51,1
A2ZE5ICI6LWAZ0,Owner,3 BHK,1330.180313,3,2,"Near Rtc Bus Depo,Ongole",15.5,80.05,45,1
A2LYOW4YW8R2HO,Dealer,2 BHK,1070.070614,2,1,"Sector-35G Kharghar,Maharashtra",18.96,72.82,98.5,0
A18TQ3KJY1J015,Owner,2 BHK,1900.078239,2,2,"Keshava Nagar,Bangalore",12.972015,77.563021,170,1
A1Q1AUJ3E43I8G,Dealer,2 BHK,1120.099564,2,1,"Wakad,Pune",18.5993,73.7625,72,0
A3U58GFUQAOZLE,Dealer,3 BHK,1847.070506,3,3,"Kharar,Mohali",30.74,76.65,37.2,0
AUI3N3A5AYO3M,Owner,2 BHK,650.026001,2,2,"Katargam,Surat",21.232813,72.832454,25,0
A2V82V20LFSWD7,Dealer,2 BHK,1075.584238,2,1,"Andheri (East),Lalitpur",19.1145,72.8712,220,1
A3NM3RXJ8HI5TC,Dealer,2 BHK,686.9881711,2,1,"Fatehabad Road,Agra",27.1,78.19,15.1,0
AINFLXJIMS32P,Dealer,2 BHK,1458.017581,2,2,"Noida Extension,Noida",28.579004,77.431173,48.1,1
AQRS0R3YWIMD1,Dealer,6 BHK,535.3640245,3,2,"Ranjnoli,Mumbai",18.96667,72.83333,46.4,0
A11QUNPSCNHY62,Dealer,2 BHK,1541.781091,2,1,"Porur,Chennai",13.03478,80.15586,78.6,1
AAZ084UMH8VZ2,Owner,3 BHK,700.1909612,3,1,"Lajpat Nagar - Ghaziabad,Ghaziabad",28.467299,77.028895,22,0
A2WUBQNGNGWHG5,Owner,3 BHK,963.1591621,3,2,"Kengeri,Bangalore",12.919987,77.489265,40,1
A1TQ9QG6ZXLFVV,Owner,4 BHK,1255.230126,2,1,"Puthur,Palakkad",10.78624,76.66378,45,1
A30GTV8XR6ZGTC,Dealer,2 BHK,1000,2,1,"Mulund (West),Maharashtra",19.1759,72.9522,130,0
A3HZG65Z2BHCT3,Owner,4 BHK,700.1647446,2,1,"Magadi Road,Bangalore",12.97494,77.564159,17,1
A3042WJDYJ22S8,Owner,2 BHK,795.1356408,2,1,"Sector-168 Noida,Noida",28.494868,77.410298,34,0
AA83QXB39NF8B,Owner,2 BHK,1139.088729,2,0,"New Thillai Nagar,Coimbatore",10.818481,78.680732,38,0
AUAXNVACC3MJL,Dealer,4 BHK,1719.875309,2,0,"Whitefield,Bangalore",12.9958935,77.761394,160,1
A3IJP7JXMWEPB1,Dealer,3 BHK,1285.072952,3,2,"Sector-150 Noida,Noida",28.429614,77.481711,68.7,1
A2CFBLKI8YMK24,Dealer,7 BHK,1025.056948,3,3,"Taloja,Mumbai",19.076057,73.097319,54,0
A1IRCA0BTW0LLD,Dealer,2 BHK,1799.01414,1,1,"4 Bunglows,Maharashtra",19.128324,72.825408,500,1
A2UFC8M91UFRX9,Owner,1 BHK,8638.743455,1,0,"Ramakrishnapuram Secunderabad,Secunderabad",17.441856,78.502111,33,0
A3QFVEQNX2FQ8P,Owner,2 BHK,1694.277108,2,2,"Thanisandra,Bangalore",13.055985,77.622157,90,1
A181BEPNIVQWB1,Dealer,2 BHK,1400,2,1,"Trisulia,Cuttack",20.45,85.86667,54.6,0
A1UJ6I72N22HT7,Dealer,3 BHK,1762.196253,7,3,"Manpada,Maharashtra",19.239813,72.962722,190,1
A386PFEJWL73X5,Owner,3 BHK,1025.115325,3,3,"Viswapriya Layout,Bangalore",12.96991,77.59796,40,0
A2MIJOZVTWEXP2,Dealer,3 BHK,1040.077659,3,2,"Baner,Pune",18.558319,73.77588,75,0
A4AYT6I29WTPY,Owner,2 BHK,1179.941003,2,2,"Sector-76 Noida,Noida",28.567633,77.383124,56,0
A1UDFKEKTO70NX,Dealer,3 BHK,775.0356924,3,2,"North Purbachal,Kolkata",22.54111,88.33778,38,0
A471XPKNUEJGU,Dealer,2 BHK,1610.089897,2,1,"Thanisandra,Bangalore",13.055985,77.622157,120,0
A3UCO7B9HP42BG,Owner,2 BHK,44117.64706,2,2,"Bodhan,Nizamabad",18.67,77.9,120,1
A28A3KLKV22OAJ,Owner,2 BHK,588.004704,2,0,"Medavakkam,Chennai",12.91716,80.19287,30,1
A1WX42M589VAMQ,Dealer,3 BHK,345.0309643,2,2,"Diva,Lalitpur",28.534155,77.243195,35.1,0
ARUQJLJBXS88,Dealer,2 BHK,670.0032289,2,1,"New Sector-50 Nerul,Maharashtra",19.0242,73.0172,83,1
A3MKD1JZEYH8J3,Dealer,2 BHK,547.5,2,1,"Sector-37C Gurgaon,Gurgaon",28.45122,76.985149,21.9,0
A1ZH9LWMX5UCFJ,Dealer,2 BHK,850.19056,2,2,"Manjari Budruk,Pune",18.539235,73.875126,29,1
AK5DB61C13CN7,Owner,3 BHK,1225.03603,3,3,"Sowripalayam,Coimbatore",11.013335,77.009775,59.5,1
A3AIHN7XBD816P,Owner,3 BHK,403.125,3,2,"Alikia,Puri",19.833966,85.851018,12.9,1
AWZG8HXBE8PNB,Dealer,2 BHK,1246.105919,2,2,"Hoshangabad Road,Bhopal",22.75,77.72,36,1
A3QAZDJ7NYH2C6,Dealer,2 BHK,1182.834475,2,1,"Siddhartha Vihar,Ghaziabad",28.66667,77.41667,32.8,1
A2OPEDFVLL22TP,Owner,3 BHK,1269.035533,3,2,"Ramnagar,Coimbatore",11,76.96667,70,0
A2M7DO3ICXZWF1,Owner,2 BHK,850.0510031,2,0,"Ramamurthy Nagar,Bangalore",13.013312,77.662077,50,1
A1KTR92SDR33GZ,Dealer,2 BHK,1055.926544,2,3,"Thanisandra,Bangalore",13.055985,77.622157,75.9,0
A1DMR4TXV10JBB,Owner,2 BHK,1175.088132,2,2,"Nawadih,Dhanbad",23.810398,86.222799,20,1
A15UN7OK3WRFXE,Dealer,2 BHK,1489.129356,2,2,"Sector-62 Gurgaon,Gurgaon",28.407632,77.084393,150,0
A31UITXO8QXG3H,Dealer,8 BHK,400,8,2,"Taloja,Lalitpur",24.69028,78.41889,25,1
AQAEOMJX8ON8A,Dealer,3 BHK,884,2,2,"Chelidanga,Asansol",23.680545,86.951712,22.1,0
A4FVWK4UTFQVT,Owner,3 BHK,1089.126883,3,2,"5th Block Hbr Layout,Bangalore",13.037343,77.628291,60,1
A2D8K0GPVMMSER,Dealer,3 BHK,1882.222222,3,2,"Patia,Bhubaneswar",20.353795,85.82102,84.7,0
A2U3DAB0WI8BLZ,Owner,2 BHK,525.0875146,1,1,"Kambar Nagar,Chennai",13.09,80.27,27,1
A3SV6IWK26XK6B,Dealer,3 BHK,1708.074534,2,3,"Thakur Village,Maharashtra",18.518797,73.933947,220,0
ACNON4BZACUUL,Owner,4 BHK,920,2,3,"Bhattakufer,Shimla",31.10333,77.17222,23,1
A1UDZGQRPFHB5Y,Owner,2 BHK,1700,2,1,"Rajarajeshwari Nagar,Bangalore",12.919423,77.522774,85,1
A2ZCD6KO2YY9IZ,Dealer,3 BHK,1089.037817,2,1,"Kolshet Road,Lalitpur",24.69028,78.41889,91,0
A34ZI3K5DNDSNE,Dealer,3 BHK,550.0550055,2,3,"Sukhsagar Nagar,Pune",18.52361,73.84778,25,1
A1Y1O4GJA3HXQF,Dealer,3 BHK,1607.012418,3,2,"7th Phase JP Nagar,Bangalore",35,136,110,0
A2TW6FWJYTF8QM,Dealer,2 BHK,1213.019745,2,1,"Kanjur Marg (East),Maharashtra",18.96,72.82,180,0
AISIJIUHHZNHQ,Dealer,3 BHK,1030.131342,2,2,"Ulwe,Mumbai",18.973908,73.025106,80,1
AC82F5LXJCR22,Owner,1 BHK,1225.071225,1,1,"Lunsikui,Navsari",20.942355,72.940376,30.1,1
A3I7NZC5LUVPPW,Dealer,3 BHK,896.4955175,3,2,"Sector 82 Faridabad,Faridabad",28.394375,77.357227,22,0
A14B8M117EUBLK,Dealer,3 BHK,1345.20277,3,2,"Sector-66A Mohali,Mohali",30.661104,76.746082,68,1
A228P3VH7SFBHG,Owner,2 BHK,900.0473709,2,1,"Dhayari,Pune",18.430375,73.815337,38,0
A1AQ2W2R4SOVGN,Dealer,3 BHK,3285.151117,3,2,"Wadala East,Mumbai",19.014858,72.8662,650,1
A3NCTCNAUYCH6H,Dealer,2 BHK,1583.531275,2,1,"KR Puram,Bangalore",13.010349,77.712151,100,0
ADD87VB66Y0DQ,Dealer,4 BHK,1480.132073,2,2,"Pashan,Pune",18.5442,73.7948,130,1
A2GS0QUCV2KVMP,Dealer,2 BHK,1291.231365,2,2,"Sector 10 Kharghar,Mumbai",19.033956,73.075342,110,0
A1D0P49A1MQO1O,Owner,4 BHK,1400.147384,2,3,"Zirakpur,Chandigarh",30.662283,76.822397,38,0
A3J6N95DIJTPVH,Dealer,3 BHK,566.2323052,2,2,"Kolshet Road,Mumbai",19.249861,72.963866,60.4,1
A3MALNCOVF5COP,Builder,3 BHK,399.5354239,3,2,"Shelwadi,Palghar",19.706982,72.80809,17.2,0
A1ABDQ02BCIGYQ,Dealer,2 BHK,1049.868766,2,1,"Kharadi,Pune",18.5438,73.9438,48,0
A1KBNKFKAWYV7L,Dealer,11 BHK,1250,9,3,"Action Area 1C,Kolkata",22.577072,88.462457,60,1
ARLTWKV2AUJ2F,Owner,3 BHK,735.8738502,3,0,"jhusi,Allahabad",25.444108,81.914212,28,1
AGXEFR3PWFEM,Dealer,3 BHK,1071.428571,2,1,"Madhyamgram,Kolkata",22.7,88.45,33.6,0
ACPABFZ8DBLDG,Dealer,2 BHK,650,2,1,"Sector 10 Kharghar,Mumbai",19.033956,73.075342,65,1
A2L0EIYNODCZ9U,Owner,2 BHK,1350.166579,2,2,"Sector-143 Noida,Noida",28.5035,77.426447,77,0
A1MJ0MF2OFIU4D,Dealer,2 BHK,687.6948469,2,2,"Marol,Maharashtra",19.111438,72.878724,150,1
A1PIDGL665V5QP,Owner,2 BHK,970.8295351,2,2,"Jakhiya,Indore",22.808778,75.861639,21.3,1
ASC04R0BT3TO4,Dealer,3 BHK,650.0541712,2,2,"Sector 17 Ulwe,Lalitpur",18.964489,73.019574,36,1
AFSFFRR7JMPZ8,Dealer,3 BHK,7500,3,3,"Rajaji Nagar,Bangalore",12.9847,77.5491,1200,1
A2QWGB918P1HU0,Owner,2 BHK,929.9781182,2,1,"Sector-74 Noida,Noida",28.577673,77.389781,51,1
A2FZE965O64BXJ,Dealer,4 BHK,1062.959935,2,2,"Kamshet,Pune",18.756363,73.539082,65,0
ARQ2DJUU4XB1V,Dealer,2 BHK,1363.636364,2,0,"Jalukbari,Guwahati",26.154874,91.670312,45,1
A2AF5SS29LC4BB,Dealer,2 BHK,1075.017527,2,1,"Sector-126 Mohali,Mohali",30.756258,76.655851,46,0
A3KJ6JZ8MWERPG,Owner,4 BHK,2150.757886,2,1,"Sector-127 Mohali,Mohali",30.768683,76.650876,52.5,0
A1USXH72S0TD4B,Dealer,2 BHK,2102.680918,2,1,"Sector-137 Noida,Noida",28.506454,77.409568,120,0
A1ZE87EABE7FVQ,Owner,2 BHK,1050.080775,2,1,"Bagmugaliya,Bhopal",23.19046,77.473795,26,1
A2USOYPY0M1R6X,Dealer,2 BHK,1365.138669,2,1,"Lake Town,Kolkata",22.603606,88.406203,95,0
AOHGLP2W3B3I4,Owner,2 BHK,1400.180668,2,1,"Seegehalli,Bangalore",12.817956,77.452539,62,1
A388FLQFOEM0IO,Dealer,4 BHK,700.0350018,2,2,"Sector-15 Ghansoli,Lalitpur",28.3967,77.32331,80,0
A1ZS6CRXGZX4YE,Dealer,2 BHK,1614.919775,2,1,"Sector-150 Noida,Noida",28.429614,77.481711,77.5,1
A21TGZU9EXJ272,Owner,2 BHK,1750.547046,2,0,"Gotri Road,Vadodara",22.312358,73.145436,48,0
A1K7OUOZGT6EG3,Dealer,4 BHK,1145.038168,2,2,"Kathreguppe,Bangalore",12.913771,77.768321,75,1
A2M687HYOW9JFW,Owner,4 BHK,1570.048309,2,3,"Rajarajeshwari Nagar,Bangalore",12.919423,77.522774,78,1
ANUUF3N6B9NTA,Owner,5 BHK,1075.268817,3,2,"Saiyed Vasna,Vadodara",22.312063,72.674296,37,0
A7IFA2NZR7YV0,Dealer,5 BHK,1500.053573,3,2,"Marol,Lalitpur",24.69028,78.41889,280,1
A11V8XN8SUHPOV,Dealer,3 BHK,1123.333333,3,2,"Gajuwaka,Visakhapatnam",17.7,83.2167,33.7,0
A2DYZJ8D7QD1KE,Dealer,4 BHK,3750.375038,2,3,"Kasavanhalli,Bangalore",12.9077,77.6755,250,0
A3K0UVMET7SEWE,Dealer,4 BHK,1198.214286,2,2,"Sector-68 Gurgaon,Gurgaon",28.376683,77.047179,67.1,1
A2PXWG7EVCNJ9H,Dealer,2 BHK,3175.10716,2,1,"Prince Anwar Shah Rd.,Kolkata",22.56972,88.36972,600,1
A7H19XVU8BGKB,Dealer,2 BHK,895.9628966,2,2,"Thane West,Maharashtra",19.18,72.96333,85,0
A34O62IDVYW7X9,Owner,3 BHK,882.6125331,3,2,"Shalimar Garden Extension II,Ghaziabad",28.689982,77.339807,50,1
A3GK03NK0A7GHQ,Dealer,5 BHK,1358.583779,7,3,"Sector-127 Mohali,Mohali",30.768683,76.650876,33,0
A1MG1L05INR6K,Dealer,3 BHK,1356.223176,3,2,"Porvorim,Goa",15.40194,74.04333,79,1
A2ZVXWYWGSEIVF,Owner,2 BHK,1600,2,2,"Green Garden Layout,Bangalore",15.35003,75.125744,60,0
AGXFRN1RZKI4J,Owner,2 BHK,899.9742864,3,3,"Oragadam,Chennai",13.09,80.27,35,1
A1Z1RVRG9CFCB7,Owner,2 BHK,1200,2,1,"Murlipura,Jaipur",26.979452,75.765051,45,0
A2C9XE9I8RSKNX,Dealer,2 BHK,1256.281407,2,1,"Sector-14 Taloja,Mumbai",28.390964,77.334229,50,0
A1WWAQFIYLCL0Y,Dealer,2 BHK,93396.93698,2,1,"Mihan,Nagpur",21.15389,79.08306,7440,0
A3N9477PUE6WMR,Dealer,2 BHK,1040.041602,2,1,"Dombivli (East),Mumbai",19.2167,73.0833,60,0
ADDBLG0CFY9AI,Owner,3 BHK,950.0285009,2,1,"Govindpuri,Gwalior",26.205239,78.203214,50,0
A1OEL4UZT3KKI4,Dealer,2 BHK,1549.897201,2,1,"Sector-104 Gurgaon,Gurgaon",28.474616,76.990309,98,1
A39BLB42U7M6BD,Dealer,2 BHK,956.5217391,2,1,"Kolshet Road,Mumbai",19.249861,72.963866,110,1
ATNQNZEHWMR9U,Dealer,3 BHK,2326.122354,3,1,"Zirakpur,Chandigarh",30.662283,76.822397,100,0
A2CAZG1CQ8BQI5,Dealer,3 BHK,1805.054152,3,1,"Kaikondrahalli,Bangalore",12.9143,77.6764,150,0
A1MEI40LLXKQF6,Owner,3 BHK,1457.253886,3,1,"Kakkanad near CSEZ and Kendriya Bhavan,Ernakulam",42.55833,1.55528,45,0
A17PGKUKZB9XD,Dealer,1 BHK,1232.352941,2,0,"KR Puram,Bangalore",13.010349,77.712151,41.9,1
A3FVAWZNKW9GX,Owner,2 BHK,900.2520706,2,3,"Misrod,Bhopal",23.16083,77.46833,25,1
A2MSYPB6Z5RWK0,Dealer,2 BHK,555.0416281,2,1,"Poonam Sagar Complex,Maharashtra",18.52361,73.84778,60,1
A1USMRT33PBEKJ,Owner,2 BHK,1328.021248,2,1,"Atladra,Vadodara",22.271018,73.154216,30,1
AGE88BOVVQ22J,Owner,2 BHK,1110.197368,2,1,"Jaisinghpura,Jaipur",26.532207,75.520538,27,1
A1SNAYITRIW75P,Dealer,2 BHK,1620.111732,2,1,"Akshaya Nagar,Bangalore",12.96991,77.59796,87,0
A3GW42Z2T2K1IF,Builder,4 BHK,1123.595506,3,1,"Anantpura,Kota",25.112376,75.856488,33,1
A2TN9C5E4A0I3F,Dealer,1 BHK,1486.403777,1,0,"Sector-6 Kharghar,Lalitpur",19.043302,73.061357,170,0
A2NH6AZFB199O1,Dealer,2 BHK,1648.386483,2,1,"Malad (East),Mumbai",19.1758,72.8643,260,1
AQZ9FQYW60HJ4,Dealer,4 BHK,1900.031046,2,2,"Sector 78 Faridabad,Faridabad",28.38016,77.369936,61.2,0
A2AZIBY2PKLW96,Owner,4 BHK,1050.052503,2,2,"Zirakpur,Mohali",30.65,76.82,30,1
A2J0QB01UVSH0Q,Dealer,4 BHK,1450.033279,2,1,"Mahim (West),Maharashtra",19.038516,72.840041,610,0
A2CYNULOBYISAZ,Dealer,4 BHK,1026.119403,3,3,"Undri,Pune",18.452663,73.93104,55,1
A36MP37DITBU6F,Dealer,3 BHK,1873.410946,3,2,"Kharadi,Pune",18.5438,73.9438,140,0
AEC3FERY6U28I,Dealer,4 BHK,970.3085581,3,1,"Mira Road East,Mumbai",19.2836,72.8675,100,1
A5EQO6GVEIT4M,Owner,3 BHK,1100.110011,2,2,"Gubbalala,Bangalore",12.96991,77.59796,40,0
A18OUU4I29BU9F,Dealer,3 BHK,727.0168856,3,2,"Brahmand,Maharashtra",20.833141,79.664092,62,1
A13HTFH4ZY0NCE,Dealer,2 BHK,1100.157729,2,2,"Ankur Vihar,Ghaziabad",28.66667,77.41667,27.9,1
AAX6FRNBEU9PK,Dealer,3 BHK,967.0951763,3,2,"Dombivli (East),Maharashtra",19.2167,73.0833,82,0
A3111G3DOYIV2A,Owner,2 BHK,1300.202254,2,1,"CDA Colony,Patna",25.618705,85.17096,45,1
A3JO81AUCLO2U7,Dealer,4 BHK,1792.757261,3,1,"Sector-150 Noida,Noida",28.429614,77.481711,100,0
A2V71J7J3DTB5B,Builder,2 BHK,482.2198276,2,2,"Karveer Nagar,Kolhapur",16.7,74.23333,17.9,0
A31WPNRPB608EC,Owner,1 BHK,1649.917504,2,0,"Kaushambi,Ghaziabad",28.638934,77.326457,110,1
A1KG9W0FX5STMR,Dealer,2 BHK,1837.859914,2,1,"Chembur Gaothan,Mumbai",19.069359,72.900638,360,1
AZ3FPU1QSFBC6,Dealer,4 BHK,3330.305783,2,2,"Rambagh,Jaipur",26.901661,75.815245,330,0
A2S244KFX0745K,Dealer,3 BHK,690.0750964,3,1,"Electronic City Phase II,Bangalore",12.8458,77.6727,34,1
A2FOXRMJA0T9M7,Dealer,2 BHK,1207.54717,2,1,"New Alipore,Kolkata",22.53028,88.33417,160,0
ARXORJX86X1J2,Owner,2 BHK,1406.25,2,1,"Adityapur,Jamshedpur",22.7808,86.1522,45,1
A372X206KVOQWQ,Dealer,2 BHK,644.3054766,2,2,"Sector-37C Gurgaon,Gurgaon",28.45122,76.985149,34,0
A1O4VI7N94CK4L,Dealer,3 BHK,1360,2,1,"Nipania,Indore",22.760061,75.928572,47.6,1
AJTSE4IPHREL4,Owner,3 BHK,1394.101877,2,1,"Kenchenahalli,Bangalore",13.1195,77.5837,52,0
AQ9M45GUGWJ9N,Owner,3 BHK,930.0329089,2,2,"Kalamboli Tal. Panvel,Raigad",19.024,73.103,65,0
AXXCSX5J1YGEH,Owner,2 BHK,1535.050316,2,1,"Vaishali Nagar,Jaipur",26.91868,75.750399,90,0
A35RALTOLCAJLH,Owner,3 BHK,2199.792961,2,2,"Khandari,Agra",27.204996,77.990474,170,0
A3AV5XEJ25KVF4,Dealer,9 BHK,600,9,3,"Udyog Nagar,Pune",21.721344,73.001615,48,0
A1JYQTN8CN3CY2,Dealer,5 BHK,949.9934028,3,1,"Charmwood Village,Faridabad",28.494181,77.290609,72,1
A3R66N9FR8HMJ7,Owner,2 BHK,350.0269251,2,1,"back side of Lokanath temple,Puri",27.846364,-82.841985,13,1
A1ZYO3FOEXVCJS,Dealer,3 BHK,2506.635211,3,2,"Sector-134 Noida,Noida",28.5041,77.381557,85,0
A3BH49ZKESHDID,Dealer,3 BHK,7075.471698,2,1,"Chengalpet,Chennai",13.09,80.27,30,0
A23WVMQ6J7BZ61,Builder,3 BHK,77615.50473,3,2,"Ghorpadi,Maharashtra",18.520209,73.905065,8450,0
A22SF4XQI6LLUS,Dealer,3 BHK,1608.271109,3,1,"Jadavpur,Kolkata",22.494831,88.370567,140,1
A30MMUR0DMHYCG,Owner,3 BHK,1166.666667,3,0,"Gwarighat,Jabalpur",23.10806,79.92833,17.5,1
APNMGFU73W7ZC,Owner,2 BHK,1679.731243,2,2,"Dhakoli,Mohali",30.657375,76.853855,45,1
AH7LB9HXLYL25,Dealer,5 BHK,899.9052731,3,1,"NIBM,Pune",18.475864,73.890009,57,1
A3OXHLG6DIBRW8,Owner,3 BHK,1315.047905,2,2,"Sector-76 Noida,Noida",28.567633,77.383124,70,1
A33VG37SOTA0YS,Owner,2 BHK,2317.832826,2,0,"Suraj Kund,Faridabad",28.488415,77.285903,160,0
AI7W7S3IK45KV,Owner,3 BHK,1240.079365,3,2,"Dum Dum Park,Kolkata",22.630965,88.378465,50,1
A3THFR9NVPSUIP,Dealer,2 BHK,408.4739312,2,2,"Kolshet Road,Mumbai",19.249861,72.963866,64.4,0
A26HBK5Y0EL8XQ,Owner,2 BHK,735.2941176,2,2,"Baguihati,Kolkata",22.617564,88.427982,17,0
A1O82ZI2GB22WZ,Dealer,3 BHK,697.0849176,2,2,"Kothrud,Pune",18.5101,73.8141,55,0
A228Q0U7S4D88X,Dealer,3 BHK,1345.037519,3,0,"Satya Nagar,Bhubaneswar",20.2814,85.849075,95,1
A3BEO6VFOO8FRB,Dealer,2 BHK,1050.052503,1,1,"Hinjewadi,Pune",18.5853,73.7413,60,0
A30QZ7UKDUJHBB,Owner,2 BHK,1409.332916,2,1,"Sarthana Jakatnaka,Surat",21.235342,72.917751,45,1
A20HTVL7JE0JG2,Dealer,1 BHK,1500.750375,1,1,"Narayanpur,Kolkata",22.40107,88.5424,60,0
A36D2ED3Q81YEQ,Owner,2 BHK,1324.753974,2,1,"Kalinganagar,Bhubaneswar",20.26444,85.82806,70,1
A1DYP6HZQ3AGZU,Owner,4 BHK,1500,2,3,"Sailashree Vihar,Bhubaneswar",20.26444,85.82806,75,0
A1SCDZZWN02VVN,Dealer,2 BHK,1785.123967,2,1,"Peer Muchalla,Panchkula",30.660437,76.861517,54,1
A3IQFDK2A3APGE,Dealer,1 BHK,403.8095238,1,1,"Anjurdive,Maharashtra",18.96,72.82,42.4,1
A1HHS1SELWW6NY,Dealer,2 BHK,1834.862385,2,2,"Sholinganallur,Chennai",12.90015,80.22791,120,0
AMQ8L5JWWDGIA,Dealer,3 BHK,1075.599262,3,1,"Mahawadiya,Bhopal",23.11702,77.39529,17.5,1
AN808YPCW2C2F,Dealer,2 BHK,1578.418711,2,1,"Kharghar,Lalitpur",24.69028,78.41889,110,0
A3JMLZS0QJCD5N,Dealer,3 BHK,1400.115473,3,1,"7th Phase JP Nagar,Bangalore",35,136,97,0
A212N0TUR007EK,Dealer,4 BHK,1340.074313,2,1,"Ganesh Nagar,Maharashtra",21.135078,79.114744,220,1
A19YEVVAPRW51R,Dealer,3 BHK,1400,3,3,"Sector-150 Noida,Noida",28.429614,77.481711,66.5,1
A298O68DGTCC48,Owner,3 BHK,1207.041073,3,2,"Horamavu,Bangalore",13.0318,77.6583,72,0
A2EOU0LXAOMPG,Dealer,2 BHK,1036.062961,2,1,"Dash Drone,Kolkata",22.54111,88.33778,52,1
A38OVPNVBVUO9Y,Dealer,4 BHK,1197.297528,2,3,"Manpada,Maharashtra",19.239813,72.962722,140,0
A397CWU6DM3O5G,Dealer,3 BHK,712.0253165,3,2,"Pratapgarh,Kolkata",22.54111,88.33778,18,1
A2IRN7AVMV5PPL,Dealer,2 BHK,2040.069048,2,1,"Thane West,Lalitpur",19.18,72.96333,390,0
A2SSX0VOP3CHZW,Owner,4 BHK,2400.548697,2,3,"chitrakoot vaishalinagar,Jaipur",26.91667,75.86667,70,1
ALNSBHX0BCMBJ,Owner,3 BHK,891.2655971,3,2,"Champasari,Siliguri",26.747109,88.417335,25,0
A2E3Q8U8364F5P,Dealer,3 BHK,505.0505051,2,1,"Kabir Nagar,Raipur",30.872533,75.881216,14,0
A3BXNABYRR66IN,Dealer,2 BHK,1200,2,2,"City Center,Gwalior",26.209302,78.194369,28.5,1
A1LWILWU3AAFPG,Owner,2 BHK,1000,2,0,"Ayodhya Bypass,Bhopal",23.25,77.41667,32,0
A1A0JJPS4JAZHI,Dealer,3 BHK,1170.091324,3,1,"Ramprastha Greens,Ghaziabad",28.651918,77.348794,82,0
AHYRTWABDAG1H,Dealer,,961.9084263,,2,"Thane West,Lalitpur",19.18,72.96333,100,1
AL7ASCO6NWTJ6,Dealer,2 BHK,1322.204776,2,3,"Sector-94 Noida,Noida",28.55182,77.324137,160,1
A1LO4ME566EKLC,Owner,1 BHK,1315.002989,1,1,"Sector-76 Noida,Noida",28.567633,77.383124,66,0
A4MPDQF63WAEO,Owner,1 BHK,750.1172058,1,2,"Tandalja,Vadodara",22.285525,73.153862,32,1
A2EIIDTYMJAEXV,Owner,3 BHK,1125,3,2,"Sargasan,Gandhinagar",23.182972,72.611485,45,0
A13G8CNY7VX57F,Dealer,3 BHK,3104.947216,3,1,"Sector-34A Kharghar,Mumbai",19.038205,73.06612,300,1
A3OFVFM2H4XQPT,Owner,2 BHK,967.1476819,2,1,"Ambattur,Chennai",13.0983,80.1622,63,1
A2YPBLSWGVCGVL,Owner,2 BHK,1754.882536,2,1,"Urjanagar 1,Gandhinagar",23.22,72.68,62,1
AEFA52M4MT4H6,Owner,2 BHK,550,2,1,"Triveni Nagar,Jaipur",26.888436,80.926113,16.5,0
A8AJFY7BX21SS,Dealer,2 BHK,1182.832038,2,2,"Pokhran-2,Maharashtra",19.371618,72.824114,140,1
A2BF7B1EJBMNSY,Dealer,2 BHK,2189.635535,2,2,"Zirakpur,Chandigarh",30.662283,76.822397,76.9,0
A1XDNMQMY5PYFZ,Dealer,3 BHK,1310.066551,3,3,"Malad (East),Lalitpur",19.1758,72.8643,250,1
AYMV2T86WIXVD,Owner,3 BHK,890.5852417,3,2,"Manek Nagar,Jamnagar",22.245556,73.085224,17.5,0
A1PZN8AP463DG,Dealer,2 BHK,1083.709621,2,0,"Palanpur,Surat",21.17,72.83,31.2,0
A1VMGTCTZUKHV6,Owner,1 BHK,1500.133941,1,1,"Sector-3 Rajendra Nagar,Ghaziabad",28.684262,77.357147,56,0
A3CFKMOCU5C5UR,Owner,2 BHK,1500.214316,2,2,"Jharapada,Bhubaneswar",20.275267,85.862407,70,1
A1O9O18AE5HIOL,Dealer,3 BHK,645.6820016,2,1,"Mulund (West),Lalitpur",19.1759,72.9522,160,0
A3UAHFFUHXJ7Z0,Dealer,2 BHK,1297.789337,2,2,"Kanakpura Road,Bangalore",12.896796,77.5724,49.9,1
A3KTOA1CBPBBC0,Owner,3 BHK,1573.082805,3,2,"Begur,Bangalore",12.8706,77.6279,72,0
A16V3EN9C3K83W,Owner,3 BHK,2078.669651,3,2,"Bannerghatta Road,Bangalore",12.808137,77.58308,130,1
A32OZFDUK07WLV,Owner,3 BHK,682.1766562,2,3,"Raj Nagar Extension,Ghaziabad",26.900926,75.775927,17.3,0
A1WX42M589VAMQ,Owner,3 BHK,2100.656455,3,1,"Ali Nagar Dhorra,Aligarh",27.917376,78.099967,48,1
A3EGP5QU70NRKA,Dealer,1 BHK,1121.579183,1,0,"Sector-35G Kharghar,Lalitpur",24.69028,78.41889,100,1
A3LRR63WLQ3N3O,Owner,1 BHK,1596.223022,1,1,"Hosa Road,Bangalore",12.863589,77.656426,71,0
A35MKC4WRQ8M8F,Dealer,3 BHK,880.938642,2,1,"Nanmangalam,Chennai",12.940685,80.177022,45.8,1
A1C1Y0S6QPBM4W,Dealer,3 BHK,1522.815032,3,2,"Manpada,Maharashtra",19.239813,72.962722,280,0
A11VPI6WLMQ2ZQ,Dealer,7 BHK,1252.00857,7,3,"Kharadi,Pune",18.5438,73.9438,93.5,0
A9T4HGTPSJ27N,Owner,2 BHK,940,2,1,"Sector-143B Noida,Noida",28.495803,77.426848,42.3,1
A1I985U2CK6R97,Dealer,2 BHK,1275.022313,2,1,"Konanakunte,Bangalore",12.8855,77.5638,100,1
A2E3WMF9RWW2X2,Owner,3 BHK,627.6150628,2,1,"Besa,Nagpur",21.080409,79.098334,30,0
AJY5Y3SHROG5C,Owner,4 BHK,1485.253554,3,2,"Gunadala,Vijayawada",16.515343,80.654311,70,1
AJW40ZXGT8ITY,Owner,4 BHK,920.2453988,3,2,"Chiplun,Ratnagiri",17.524875,73.520142,30,0
AGC3K4KSI67RI,Dealer,2 BHK,905.715062,2,2,"Pokhran-2,Maharashtra",19.371618,72.824114,100,1
A30NECNFHHBT3H,Dealer,2 BHK,1691.309806,2,2,"Cuffe Parade,Maharashtra",18.9147285,72.8202265,970,0
A1TCNR6ULOEDOQ,Dealer,2 BHK,672.0430108,2,2,"Kolshet Road,Mumbai",19.249861,72.963866,90,1
A3SM576V5911MB,Dealer,5 BHK,2635.277583,2,2,"Sai Gardens,Bangalore",32.126322,76.541845,150,0
A3223MR0RBJG6H,Owner,3 BHK,800,3,1,"Ankur Vihar,Ghaziabad",28.66667,77.41667,20,0
A1Y1L56592H2ZX,Owner,2 BHK,759.1861524,2,1,"Chengalpet,Chennai",13.09,80.27,25,0
A3NH41GQPFMGQS,Dealer,4 BHK,1140.10641,2,1,"Wagholi,Pune",18.5823,73.983,45,0
A2D293ADQ5HCLF,Dealer,4 BHK,1786.112972,2,2,"Konanakunte,Bangalore",12.8855,77.5638,160,0
A17Q17AR5GN2SH,Dealer,3 BHK,1600,3,2,"Keshav Nagar,Pune",27.16726,75.709505,120,1
A3W4RLOQQ2R4RT,Owner,3 BHK,610.0316313,3,2,"Sukhsagar Nagar,Pune",18.52361,73.84778,27,1
A2AV6EYCQ5OA30,Dealer,2 BHK,1064.695935,2,2,"Chembur,Lalitpur",19.05871,72.89969,170,0
AR37BG23UFBF6,Owner,3 BHK,1381.291028,3,2,"Patia,Bhubaneswar",20.353795,85.82102,50.5,0
A2EZOWS34XH567,Dealer,1 BHK,2420.856611,1,1,"Zirakpur,Chandigarh",30.662283,76.822397,65,0
ACSALMTTUS776,Dealer,3 BHK,910.2990033,3,3,"Ananth Nagar,Bangalore",12.96991,77.59796,27.4,1
A1XKHPDL7JJBK5,Dealer,3 BHK,869.7164724,3,3,"Marol,Maharashtra",19.111438,72.878724,250,1
A1B1QMGK8VYG80,Dealer,3 BHK,1025.179856,3,2,"Kaggadasapura,Bangalore",12.9816,77.6729,57,1
A2KHRJZDOQUK4Y,Dealer,2 BHK,975.2020061,2,2,"Vasant Vihar,Mumbai",19.043732,72.90372,140,1
AK09TO4RIP6IR,Owner,2 BHK,1650.227618,2,1,"Gubbalala,Bangalore",12.96991,77.59796,87,1
A3L9WUD9W8TAFT,Dealer,3 BHK,1350.124801,3,2,"Action Area IIB,Kolkata",40.67197199,-86.15292909,59.5,0
A2W9I628I6SE1U,Dealer,2 BHK,2256.820061,1,2,"Sector 82 Faridabad,Faridabad",28.394375,77.357227,81.9,1
AOQT2JCYZ1UWP,Owner,3 BHK,666.0323501,3,2,"Kirkatwadi,Pune",18.437138,73.794801,35,0
A2U4N0SDPQQ884,Dealer,2 BHK,2280.068402,2,2,"Sector-79 Noida,Noida",28.558047,77.392752,120,0
AYZZSRYAIXNOS,Dealer,1 BHK,1321.81599,1,0,"Sasni Gate,Aligarh",27.865695,78.067543,32.9,0
A3NHUQ33CFH3VM,Dealer,4 BHK,1409.077425,2,3,"Aerocity,Mohali",30.696627,76.693764,47.5,1
A3NHUQ33CFH3VM,Owner,2 BHK,1015.02233,2,1,"Basaveshwara Nagar,Bangalore",12.985039,77.54383,75,0
A3NHUQ33CFH3VM,Dealer,3 BHK,694.0588562,2,3,"Tollygunge,Kolkata",22.5,88.35,62.5,1
A6LAMY7Z10BBJ,Dealer,3 BHK,1214.329083,2,3,"Poonam Gardens,Mumbai",19.019766,72.853818,100,0
A3NHUQ33CFH3VM,Owner,6 BHK,429.5197189,2,1,"Vavol,Gandhinagar",23.22533,72.619511,22,1
A1K4TZD6TPLKOC,Dealer,4 BHK,992.3664122,3,2,"Wadala,Lalitpur",24.69028,78.41889,260,0
ABO66JJKQBGID,Dealer,2 BHK,1414.427157,2,2,"Jodhpur Park,Kolkata",22.506447,88.363636,110,1
A1UTKYFGM2ITLU,Owner,3 BHK,1900.057002,3,1,"Gomti Nagar Extension,Lucknow",21,77,100,1
AWBKE3QTB3BWX,Dealer,2 BHK,980.0490025,2,3,"Undri,Pune",18.452663,73.93104,56,0
ACM3Z9NLSE8S9,Dealer,1 BHK,1511.144692,1,2,"Sanewadi,Pune",18.089811,74.276733,120,1
A7INGAHQIWQ1,Dealer,2 BHK,1574.438527,2,3,"Andheri (West),Mumbai",19.139348,72.820458,680,0
A3TUTIAVU7Q2E2,Owner,2 BHK,2000,2,2,"Dhakoli,Mohali",30.657375,76.853855,70,0
A3MA4VWLFOCJ41,Dealer,3 BHK,1542.891785,2,2,"Sirsi Road,Jaipur",27.073397,75.594316,50.9,1
A26L4JZZ9C1GT5,Dealer,2 BHK,969.9829598,2,2,"Chembur,Mumbai",19.05871,72.89969,370,1
AOIW6NFHHPT78,Dealer,9 BHK,866.6666667,9,2,"Thakur complex,Maharashtra",18.51306,76.87528,130,0
AB0BXP1IKDBIA,Owner,3 BHK,610.0942873,3,1,"Balaji Nagar,Pune",18.46471,73.860087,33,1
AH5GCNH82ZU0C,Owner,2 BHK,520.0367085,2,1,"AMS Layout,Bangalore",12.96991,77.59796,17,0
A3T7LFZQGL24A5,Owner,3 BHK,879.091155,3,1,"Ashok Nagar,Allahabad",25.470837,81.824653,65,1
AYAU6OMJ81Q7Z,Dealer,3 BHK,1274.74002,2,1,"Kaza,Guntur",16.3906,80.5425,38,0
AXKXFB6C9Z9BH,Dealer,2 BHK,2508.623393,2,2,"8th Block Jayanagar,Bangalore",12.925,77.595,320,1
A1KB35ZYR2Z9RL,Dealer,3 BHK,922.2222222,2,1,"Hatia,Ranchi",23.280038,85.320296,24.9,0
A1ERHEVGUWLRBB,Owner,3 BHK,1149.73262,3,2,"Prithviraj Nagar,Nagpur",26.900156,75.695342,43,0
A39YEZ676YGFI7,Dealer,4 BHK,1034.375,3,2,"Rajpur,Kolkata",22.101107,88.374433,33.1,1
A3SFS8R1T6JJM9,Builder,3 BHK,1074.193548,3,2,"Sanmitra Nagar,Ratnagiri",16.995379,73.304153,33.3,0
AWBKE3QTB3BWX,Owner,2 BHK,950.1689189,2,1,"Dalhousie Cantonment,Dalhousie",32.537765,75.967628,45,0
ACM3Z9NLSE8S9,Dealer,2 BHK,1645.306547,2,1,"Sector-34A Kharghar,Mumbai",19.038205,73.06612,190,1
AKSSGVF9DMJDU,Owner,3 BHK,1100.187266,3,3,"Sector-93 Noida,Noida",28.5216,77.3863,47,1
A2F0WNTW3QQZYS,Dealer,2 BHK,1200,2,0,"Sector 86 Faridabad,Faridabad",28.406388,77.342588,39.9,0
A2NQKBC54RAZL5,Owner,2 BHK,860.0301011,2,1,"Sector-137 Noida,Noida",28.506454,77.409568,40,0
A2NQKBC54RAZL5,Owner,4 BHK,2900.02175,2,2,"BTM 2nd Stage,Bangalore",12.96991,77.59796,400,0
A11LJJL1SOH6W0,Owner,3 BHK,647.2491909,2,1,"Butibori MIDC,Nagpur",20.735825,78.632859,10,1
A2UY1O1FBGKIE6,Dealer,3 BHK,1341.184167,3,2,"Sarjapur Road,Bangalore",12.86,77.786,82,1
A11UPZ6LI1UJZY,Dealer,2 BHK,1872.113677,2,2,"Gangapuram,Ghaziabad",28.66667,77.41667,52.7,1
A88OW6BJKW3Q3,Owner,2 BHK,1454.349583,2,2,"Pedakakani,Guntur",16.3422,80.4911,54,1
A3NXCL9NJTL3TF,Dealer,3 BHK,985.1226377,3,2,"Sector-18 Ulwe,Mumbai",18.973908,73.025106,73.5,1
ATIHDHZYNQ0EI,Dealer,5 BHK,530.0353357,,2,"Bansdroni,Kolkata",22.470809,88.363181,16.5,0
A13EBBWOMC0FUI,Owner,3 BHK,1034.185579,2,0,"Behala,Kolkata",22.498882,88.317556,36,1
A3HI6N7GG4B2SW,Dealer,3 BHK,867.1839343,3,0,"Thakur Village,Mumbai",18.914541,72.818211,190,0
A34AHOC0OXMR2K,Dealer,4 BHK,949.9451955,2,0,"Kolshet Road,Lalitpur",24.69028,78.41889,130,1
A2RERXI7RH3CIA,Dealer,3 BHK,1241.258741,2,2,"Chamundeshwari Nagar,Lalitpur",16.700359,76.83521,710,0
AP8QHMD5LS6KF,Dealer,3 BHK,2049.780381,3,3,"Thanisandra,Bangalore",13.055985,77.622157,140,1
A1ESDLEDR9Y0JX,Owner,2 BHK,1295.015079,2,2,"Sector-75 Noida,Noida",28.576117,77.382136,73,0
A2KTFTRTY0ONWF,Owner,1 BHK,700.1909612,1,0,"Kosamba,Surat",21.450988,72.967103,11,1
A62UHEAJJE7E,Owner,7 BHK,896.6510623,7,2,"Siddipet,Siddipet",18.1,78.85,24.9,0
A2U138G3VKRZSL,Dealer,3 BHK,895.1005025,2,1,"Hinjewadi,Pune",18.5853,73.7413,57,1
A6LAMY7Z10BBJ,Dealer,5 BHK,1921.250495,3,0,"Pallikaranai,Chennai",12.9377,80.2153,97.1,0
ATIHDHZYNQ0EI,Owner,3 BHK,400,2,2,"Lajpat Nagar - Ghaziabad,Ghaziabad",28.467299,77.028895,30,1
A16XMNOX8N0DOQ,Owner,4 BHK,1020.160311,2,2,"Gola Road,Patna",25.61,85.14139,42,1
A20DF2DTZYI8TQ,Dealer,2 BHK,471.9885081,2,2,"Kolshet Road,Mumbai",19.249861,72.963866,69,0
APP2IYVGIG5S1,Dealer,3 BHK,3500.072918,3,2,"Versova,Maharashtra",18.96,72.82,1200,1
A3MYS4YDU2QXCP,Owner,3 BHK,1500,3,2,"Jayalakshmipuram,Mysore",12.321934,76.623079,75,0
A349HIGB6SOU8K,Dealer,3 BHK,1260.126013,3,2,"Banashankari,Bangalore",12.96991,77.59796,84,0
A2AOA8DG9W8YFD,Owner,2 BHK,1000,2,1,"Ganeshpur,Belgaum",15.866183,74.470984,30,1
A2RUIW6J2R3QEI,Dealer,3 BHK,1260.063003,3,1,"Seawoods,Lalitpur",24.69028,78.41889,180,1
A3QYHVYQLU8MJC,Owner,3 BHK,1575.299307,3,2,"Ambattur,Chennai",13.0983,80.1622,75,0
A2HF72GRWTRW35,Builder,4 BHK,855.5555556,2,2,"Medavakkam,Chennai",12.91716,80.19287,38.5,1
AIR7BNZFT751N,Owner,4 BHK,1303.571429,3,0,"Podalakur Road,Nellore",14.43333,79.96667,36.5,0
ATWQP9EU3V9V7,Owner,2 BHK,1452.282158,2,2,"Parvat Patiya,Surat",21.372623,73.254962,49,1
A3MMB5RKFP57N1,Dealer,2 BHK,1344.164572,2,1,"Kandivali (East),Lalitpur",19.1955,72.8728,230,0
AL4M4T6T3JHY3,Dealer,3 BHK,1260.675071,3,3,"Sector - 1 Dharuhera,Dharuhera",28.211607,76.787033,31,1
A3FIUP4KF49FOH,Dealer,2 BHK,592.8005284,2,2,"Moshi,Pune",18.669919,73.853723,35.9,0
A2DN52HYY0X7XM,Dealer,3 BHK,988.1756757,3,1,"Moshi,Pune",18.669919,73.853723,46.8,0
A3UX4TYSZJBJ3R,Dealer,2 BHK,869.6912596,2,2,"Mulund (West),Maharashtra",19.1759,72.9522,180,0
A3S4IWXSZCN9N7,Dealer,3 BHK,639.9844065,3,1,"Kolshet Road,Mumbai",19.249861,72.963866,98.5,0
ANMPK1PSQDQ2L,Dealer,2 BHK,1409.910844,2,1,"Banjara Layout,Bangalore",12.96991,77.59796,68,0
A33B2PH7Y4WC6,Dealer,3 BHK,2739.726027,2,1,"Domlur,Bangalore",12.96082,77.63613,240,1
A737WEUQM1K1H,Owner,2 BHK,1425.081433,2,1,"Amalanagar,Thrissur",10.52,76.21,35,1
A263ZEDYD50VAT,Owner,2 BHK,1100.296234,2,1,"Soma Talav,Vadodara",22.273345,73.232995,26,0
A2VTNMSQLKUPFA,Dealer,5 BHK,820.2099738,,2,"Pholriwal,Jalandhar",31.261414,75.589997,25,0
A3NV17B17PFB7G,Builder,3 BHK,804.86158,3,3,"Bavdhan,Pune",18.510418,73.781944,59.6,0
A1O3WOX0KBBV3W,Owner,3 BHK,800,2,1,"Bommanahalli,Bangalore",12.907374,77.625811,30,1
A2DRQBOGCTC5HP,Dealer,2 BHK,1070.216654,2,1,"Sector-137 Noida,Noida",28.506454,77.409568,41,1
A1891H0TIXLDXA,Owner,3 BHK,1635.220126,3,1,"Ahinsa Khand 2,Ghaziabad",28.9196,76.8972,65,1
A3QOSBTILZ84HY,Dealer,3 BHK,1000,2,2,"Wagholi,Pune",18.5823,73.983,46,1
AHMCLSA49GPHK,Dealer,2 BHK,3200,2,2,"Bandra (West),Mumbai",19.05444,72.84056,1200,1
AXZTWAX77RHPG,Dealer,2 BHK,1000,2,0,"Sector 89 Faridabad,Faridabad",28.431903,77.364821,28.6,0
A3RB2ZB2KGRZVE,Dealer,2 BHK,1896.034129,2,1,"Chikkagubbi,Bangalore",13.083227,77.66279,120,1
A37FCSX7K7GEFT,Dealer,2 BHK,1040.041602,2,2,"Sector 25 Nerul,Lalitpur",28.582887,77.339935,140,0
A680RUE1FDO8B,Dealer,3 BHK,1423.267327,3,2,"Madhurawada,Visakhapatnam",17.815234,83.35818,57.5,0
A23Q6TN6OK1U51,Owner,3 BHK,1256.767208,2,3,"Sector-77 Noida,Noida",28.568096,77.390253,65,0
A38FWXBFJX210N,Owner,3 BHK,1111.111111,2,2,"Mogappair West,Chennai",13.077741,80.164903,60,1
A1AMCR6ISCN2Z6,Dealer,3 BHK,1134.215501,3,2,"Barrackpore,Kolkata",22.75,88.36667,30,0
A1C3LSDRPLFZ62,Dealer,3 BHK,1550.044287,2,2,"Sector 10 Kharghar,Maharashtra",19.033956,73.075342,140,1
A4D9AIUP1NNIY,Owner,2 BHK,600.0648719,2,2,"Tinhewadi Road,Pune",18.52361,73.84778,18.5,0
A1YQORA01YBBLS,Owner,2 BHK,1137.931034,2,1,"Naini,Allahabad",25.3945,81.8615,33,1
A7HKP7RBH88IU,Dealer,3 BHK,139428.5714,3,1,"Sector-150 Noida,Noida",28.429614,77.481711,9760,0
A13KWQGEI9MHG0,Owner,3 BHK,979.4776119,2,1,"Khorlim,Goa",15.595677,73.800991,42,1
A16UWS8G26PDN8,Dealer,3 BHK,1106.106106,3,2,"Bansdroni,Kolkata",22.470809,88.363181,44.2,1
A36GDATSF85X7W,Dealer,2 BHK,2100.210021,2,2,"Saproon,Solan",30.92,77.12,70,0
A36WE3X9G0DZUZ,Owner,2 BHK,548.3028721,2,2,"Sawantwadi,Sindhudurg",15.963927,73.998901,16.8,1
A2ZP8BJR5PYLG7,Dealer,3 BHK,1135.03305,3,1,"Rajarajeshwari Nagar 5th Stage,Bangalore",12.919423,77.522774,60.1,0
AFN9QJ7IE89N4,Dealer,4 BHK,1223.657376,3,2,"Labhandi,Raipur",21.241299,81.699326,36,0
AN85IOOEI9IYB,Dealer,3 BHK,563.0278386,2,2,"Kedari Nagar,Pune",18.484943,73.904242,36,1
AHSURYHM6ZZXC,Owner,5 BHK,1825.557809,2,2,"Vemali,Vadodara",22.35962,73.187321,45,1
A1KFUVZ3BZ59R1,Dealer,4 BHK,2261.685374,2,0,"Ramprastha Greens,Ghaziabad",28.651918,77.348794,270,0
A1T5CH6SHV989P,Dealer,2 BHK,1754.704149,2,1,"Sector-91 Mohali,Mohali",30.698017,76.679016,77.4,1
A1D3F6UI1RTXO0,Owner,2 BHK,3281.378179,2,1,"Old Matigara,Siliguri",26.724219,88.326357,200,0
AF50D40Y85TV3,Dealer,2 BHK,640.2313094,2,3,"Sunny Enclave,Mohali",30.664299,76.817624,15.5,1
A3G313KLWDG3PW,Dealer,3 BHK,1255.155101,3,1,"Sector 12 Kharghar,Lalitpur",19.042483,73.066371,140,0
A3NIDDT7E7JIFW,Dealer,2 BHK,1509.123337,2,1,"Action Area IID,Kolkata",40.67197199,-86.15292909,110,1
A132DJVI37RB4X,Dealer,2 BHK,1127.57732,2,2,"Malad (West),Maharashtra",19.1849,72.8347,140,0
AO2ZY713W85C7,Dealer,2 BHK,1206.123396,2,1,"E M Bypass,Kolkata",22.54111,88.33778,78,0
A1UHRRM3U7T1KR,Dealer,4 BHK,724.1129616,3,1,"Goregaon (East),Mumbai",19.1615,72.8731,140,0
A2OPG8EOB026ME,Dealer,2 BHK,328.1721687,2,2,"Kalyan (West),Mumbai",19.245347,73.124577,33.7,0
A19DSLQN7O8UF7,Dealer,3 BHK,1100,2,3,"Sector 84 Faridabad,Faridabad",28.40473,77.367514,44,0
A1N5SXOJUJGI6A,Dealer,3 BHK,950.0308452,3,2,"Kolshet Road,Mumbai",19.249861,72.963866,77,1
A2M4EZS28WRWTA,Owner,2 BHK,584.9908073,2,2,"Sainath Nagar,Pune",18.628795,73.852993,35,1
A1TQQQAYEDEY6B,Dealer,1 BHK,1772.479173,1,0,"Gazipur,Mohali",30.638175,76.829909,61.7,0
A3MDETK0D5UAIN,Dealer,2 BHK,1642.305797,2,3,"Sector-93 A Noida,Noida",21,77,100,1
A2RZFAXI5Y7NLT,Dealer,4 BHK,790.0280899,2,3,"Chembur,Mumbai",19.05871,72.89969,180,0
A1N07AUA3B1NUU,Owner,2 BHK,1518.218623,2,1,"Bank More,Dhanbad",23.883763,87.125381,45,1
A3QLX72AO0DD5Z,Dealer,2 BHK,1040.240898,2,0,"Sector-143 Noida,Noida",28.5035,77.426447,38,1
A3KT9194WQLNLY,Owner,2 BHK,1060.204468,2,3,"Kumarpur,Asansol",23.694909,86.939424,28,1
A39TEF7LX44K7Q,Owner,1 BHK,700.2096436,1,1,"Royal Court Neemrana,Neemrana",27.98889,76.38833,16.7,1
ABFCYFL69Y41H,Owner,2 BHK,420.0610998,2,1,"Sector-87 Noida,Noida",28.527249,77.412523,16.5,1
AUJLWV0FMI5V6,Dealer,4 BHK,1450.075956,3,2,"Kandivali (East),Lalitpur",19.1955,72.8728,210,0
A26Y64M23OISTO,Dealer,3 BHK,1603.031186,2,2,"BJB Nagar,Bhubaneswar",20.250918,85.844657,110,1
A3UZ3WQO1TQ99W,Dealer,2 BHK,947.4974919,2,1,"Goregaon (East),Lalitpur",19.1615,72.8731,170,0
A16YA8CBBX9CTN,Dealer,2 BHK,602.0642202,2,1,"Keshav Nagar,Pune",27.16726,75.709505,42,1
ATIMPESKY25N5,Owner,4 BHK,1330.008313,2,0,"Hoskote,Bangalore",13.07,77.8,80,0
A1OC93L36EHWWJ,Owner,2 BHK,1447.828258,2,2,"Zirakpur,Mohali",30.65,76.82,58,1
A1CLBQQ7A77FSI,Dealer,3 BHK,1074.782215,3,2,"Kanjur Marg (East),Maharashtra",18.96,72.82,190,0
A1J2FKMZPW32HV,Owner,2 BHK,1470.047777,2,1,"E M Bypass,Kolkata",22.54111,88.33778,80,1
A1W5FYWEWDH25R,Owner,5 BHK,1550.387597,2,1,"Trikamnagar,Surat",21.17,72.83,30,0
A1JNAVLBMYJHAZ,Dealer,2 BHK,560.0229753,2,3,"Mira Bhayandar,Mumbai",19.259521,72.883037,39,1
A1H0W7S2H5HC04,Owner,4 BHK,1200.154859,2,2,"Vijayanagar,Bangalore",12.96991,77.59796,62,0
A1V1EP514B5H7Y,Dealer,2 BHK,1803.833145,2,2,"Sector-48 Gurgaon,Gurgaon",28.415742,77.028867,160,1
A309Z6S89J718F,Owner,2 BHK,883.1321754,2,0,"Krishna Nagar,Pondicherry",11.952025,79.823971,30,1
A3R8V9EGMG9PXK,Dealer,2 BHK,1200.162734,2,1,"Sector 86 Faridabad,Faridabad",28.406388,77.342588,29.5,0
A15KWUBMC2Y0MF,Owner,1 BHK,783.5325365,1,1,"Chanod Colony,Vapi",20.36667,72.9,17.7,1
A29N1H1N0DSOBU,Owner,2 BHK,910.0837277,2,1,"Mohan Nagar,Nagpur",21.159018,79.085738,50,0
A23YE95SVEUYZL,Owner,3 BHK,751.1737089,2,2,"New Nawpara,Kolkata",22.55361,87.984436,24,0
AYWAGB8DM3DS8,Dealer,2 BHK,1174.285714,2,1,"Noida Extension,Noida",28.579004,77.431173,41.1,1
A2RURLGD61WYSS,Owner,5 BHK,1344.086022,2,1,"Sector-119 Noida,Noida",28.587711,77.403123,80,1
A183KZ8DOY7EJ3,Owner,3 BHK,1499.812523,3,2,"Jagatpura,Jaipur",26.832353,75.841749,40,0
AAN998J28WIWP,Dealer,2 BHK,1330.229465,2,1,"Manpada,Mumbai",19.239813,72.962722,160,1
A2CH71BG8TO5NN,Dealer,9 BHK,629.0684317,9,3,"Sion (West),Maharashtra",19.044874,72.863405,230,0
AUCMFAJOBT5CK,Dealer,2 BHK,1640.112465,2,1,"Mullanpur,Chandigarh",30.73528,76.79111,70,1
A3IANUVB302MPN,Dealer,2 BHK,1175,2,0,"Mango,Jamshedpur",22.835481,86.221099,28.2,0
A2J1EGNKT7I82I,Dealer,3 BHK,650.0072223,3,2,"Sector-9 Ulwe,Mumbai",18.973908,73.025106,45,1
A23YPRZKGGP3QI,Dealer,2 BHK,1057.867684,2,2,"Tumkur Road,Bangalore",13.34222,77.10167,63.8,0
A2HOBQ1UZ2QTSA,Dealer,1 BHK,1110.385369,2,1,"Thara,Bhiwadi",28.162032,76.811066,17,1
A1O8BS2HKE5Y0O,Owner,3 BHK,815.0851582,3,2,"Kandigai,Chennai",13.234221,80.212829,33.5,0
A1FQ1WQDYAGU77,Owner,2 BHK,1118.257261,2,2,"Mirzapur,Darbhanga",26.018827,85.91829,53.9,1
A2ELDBHEORXNWA,Owner,3 BHK,580.0464037,3,1,"Malleshwaram,Bangalore",13.0097,77.5648,45,0
A27XY8WKDALB34,Owner,3 BHK,900.0382995,3,3,"Bapod,Vadodara",22.304805,73.23414,23.5,1
A1HDZQLR9Y5X2A,Owner,2 BHK,1250,2,1,"Kengeri,Bangalore",12.919987,77.489265,54,1
A4ZRAZF766WPQ,Owner,2 BHK,915.0526155,2,1,"DTE COLONY,Chennai",13.028627,80.252681,60,0
A2SPYTCUM93BPO,Dealer,1 RK,659.8984772,1,0,"Nalasopara East,Lalitpur",24.69028,78.41889,32.5,0
A3T8J8FZ6R8B3W,Dealer,3 BHK,1063.568682,7,2,"Chembur,Mumbai",19.05871,72.89969,260,0
A1286MWY9ZAMDN,Dealer,3 BHK,650,3,2,"Sector-15 Ghansoli,Maharashtra",19.126499,72.99956,65,1
A1818NWEJP4RND,Dealer,3 BHK,1100.513573,3,3,"Kanjur marg (west),Maharashtra",18.96,72.82,270,1
A2CC7AFBJJVLZ4,Owner,2 BHK,1060.070671,2,0,"Ponnurunni,Kochi",9.930471,76.271273,45,1
A1JOEJLEL2KJE2,Owner,4 BHK,1446.201311,3,2,"Sector-70 Noida,Noida",28.59632,77.38143,75,1
A3HXPEOW4KN19,Dealer,4 BHK,990.0990099,2,0,"Sector-8 Ulwe,Maharashtra",19.216097,72.821721,72,1
A35HLZTYAWX5G1,Dealer,3 BHK,1273.529412,2,3,"Pahala,Bhubaneswar",20.26444,85.82806,43.3,0
AGV2SUHV9P47T,Dealer,3 BHK,1550.120565,2,1,"Sector-78 Noida,Noida",28.560719,77.386208,90,1
A2R81O3QF8BXI7,Owner,2 BHK,1779.935275,2,1,"Kaloor,Kochi",9.994,76.292,110,0
A34UKAOKNIDCWZ,Owner,2 BHK,1402.147971,2,2,"Raj Nagar Extension,Ghaziabad",26.900926,75.775927,47,0
A3SH3ZVXS16IBL,Dealer,2 BHK,1128.031585,2,2,"NH-8,Dharuhera",12.973237,77.646859,20,0
A1G51N43M000F7,Owner,7 BHK,1204.013378,2,2,"Nagasandra,Bangalore",13.041421,77.500532,90,1
A1OR3IQK8AB72I,Dealer,3 BHK,1038.178165,2,2,"Sector-75 Noida,Noida",28.576117,77.382136,31,0
A21V8AYNDN7TNK,Dealer,2 BHK,834.5939179,2,1,"Kandivali (East),Mumbai",19.1955,72.8728,160,1
AXA2AK79YLGEN,Dealer,2 BHK,1014.957265,2,1,"Ghodbunder Road,Lalitpur",24.69028,78.41889,95,0
A3C8ARJQBVVS30,Dealer,2 BHK,953.0201342,2,2,"Kasavanhalli,Bangalore",12.9077,77.6755,71,1
A1TIVD0Y3KJSCN,Owner,3 BHK,1187.08452,3,2,"Vasanthapuram neat maharishi vidhya Mandir school,Chennai",13.074579,80.23544,50,0
A2E2YEN2AYNHPG,Dealer,3 BHK,651.0618509,3,2,"Sector 17 Ulwe,Mumbai",18.964489,73.019574,42,1
A1YLU9NT0Q9H1V,Dealer,4 BHK,1628.075253,,2,"Sector-106 Gurgaon,Gurgaon",28.50437,76.996356,270,1
ALYF3U1ERAREB,Owner,2 BHK,1050.019091,2,1,"Kallumantapa,Bangalore",12.96991,77.59796,55,0
A39YLXXQHWKFTQ,Dealer,2 BHK,1274.534795,2,0,"4th T block Jayanagar,Bangalore",12.925,77.595,150,1
AHVASC86C9VPS,Owner,2 BHK,1075.268817,2,1,"Mahawadiya,Bhopal",23.11702,77.39529,22,0
A2YVSVBU5YZNQT,Owner,3 BHK,1320.064988,2,0,"Lenin Nagar,Chennai",14.64809,77.620513,65,0
A5NZUU4AUOWZH,Dealer,2 BHK,2050.326188,2,0,"Vesu,Surat",21.143354,72.770931,110,1
A3SIOSO6LTWCVE,Dealer,4 BHK,1250,3,1,"Zirakpur,Chandigarh",30.662283,76.822397,53,1
A2DQQUEPK53ORW,Owner,3 BHK,1800.288046,3,0,"Palanpur,Surat",21.17,72.83,75,0
A2J8GOBY9PV8WG,Dealer,3 BHK,2353.996189,3,3,"Sector-66 Gurgaon,Gurgaon",28.398408,77.056504,210,1
A3Q63ZZGUICVFW,Dealer,4 BHK,1036.985828,2,1,"Sainath Nagar,Mumbai",17.643384,75.918072,120,0
A3HPCRD9RX351S,Dealer,4 BHK,1334.615385,2,3,"Vidhan Sabha Road,Raipur",26.843849,80.942867,34.7,1
A2C7PEKUF924NX,Dealer,2 BHK,1269.983565,2,1,"Ramagondanahalli,Bangalore",12.96991,77.59796,85,0
AEJGD0907C1TJ,Dealer,2 BHK,753.5164099,2,1,"Calangute,Goa",15.545,73.76306,45,1
A2DHG1HP5MCGMI,Owner,2 BHK,1510.269835,2,1,"Gola Road,Patna",25.61,85.14139,75,0
A1Y3B0IGSIJS7E,Dealer,2 BHK,4160.098091,2,2,"Andheri (West),Mumbai",19.139348,72.820458,950,0
A1MPZHCGA5OX6B,Owner,1 BHK,925.1101322,1,2,"Noida Extension,Noida",28.579004,77.431173,42,0
A2R6RA8FRBS608,Dealer,2 BHK,1080.125687,2,1,"Raigachi,Kolkata",22.636865,88.471515,55,0
A2EJ75UB35C0UL,Dealer,3 BHK,728.0139779,3,1,"Rajendra Nagar,Lalitpur",28.684262,77.357147,200,0
A19U4T4I7UZGNM,Dealer,4 BHK,1439.95098,3,3,"Kudasan,Gandhinagar",23.166495,72.63429,47,1
A2058UP7ATXFOF,Owner,3 BHK,950.0542888,2,1,"Sarjapur,Bangalore",12.86,77.786,35,1
A2058UP7ATXFOF,Owner,3 BHK,904.1980624,3,1,"Saket Nagar,Kanpur",26.431083,80.31609,42,0
A19U4T4I7UZGNM,Owner,2 BHK,910.1251422,2,1,"Noida Extension,Noida",28.579004,77.431173,40,0
A1BPLP0BKERV,Dealer,4 BHK,1344.122275,2,3,"Sector-78 Noida,Noida",28.560719,77.386208,59.8,0
A26859014YM6JS,Owner,2 BHK,1765.447667,2,1,"Harshwardhan Nagar,Bhopal",23.25,77.41667,42,1
A3Q1DEMHY49CN3,Owner,4 BHK,1539.645881,2,0,"Talawali Chanda,Indore",22.66667,75.75,40,1
A3B8CF4V636M8U,Owner,3 BHK,6001.091107,3,1,"Vijay Khand, Gomti Nagar,Lucknow",26.86056,80.91583,110,1
A2MZ43MMIBFL7M,Owner,3 BHK,749.8897221,3,2,"Trehan Delight Residencies,Bhiwani",28.78333,76.13333,17,1
A92JIDJABMJKY,Owner,3 BHK,710.0591716,3,2,"Shakti Khand 3,Ghaziabad",28.9196,76.8972,36,1
A29BWC41573AF8,Dealer,1 BHK,1955.062737,1,1,"Palanpur Gam,Surat",24.17311,72.416912,67,0
ACYR6O588USK,Dealer,2 BHK,1905.714286,2,1,"Sevoke Road,Siliguri",26.724219,88.326357,66.7,1
A2GEZJHBV92EVR,Owner,2 BHK,880,2,1,"Pratap Nagar,Vadodara",26.807408,75.838659,16.5,0
A1IQB5BF5VKT0H,Owner,3 BHK,582.3822066,2,1,"Kedar Nagar,Agra",27.189303,77.861226,19.9,0
AJOVLH67GULJD,Dealer,2 BHK,1290.045152,1,0,"kavesar,Lalitpur",24.69028,78.41889,120,0
A3TD1O4EC26NT2,Dealer,2 BHK,2272.413793,2,2,"Nipania,Indore",22.760061,75.928572,65.9,1
A2CS4B58345BRL,Dealer,2 BHK,900.0090001,2,2,"Matungawest,Mumbai",18.96667,72.83333,300,0
A291HTT117RVS9,Dealer,2 BHK,992.6653063,2,1,"Patlipada,Maharashtra",21.308574,73.974824,180,1
A1MMJ2O6PM8OG7,Dealer,2 BHK,880.7506053,2,2,"Mansarovar,Jaipur",26.8626,75.7633,29.1,0
AW7VIZUKC8ZY3,Owner,3 BHK,1465.002713,3,1,"Whitefield,Bangalore",12.9958935,77.761394,81,1
A2K05W5ZQQH7VI,Owner,2 BHK,1281.503631,2,1,"Madhurawada,Visakhapatnam",17.815234,83.35818,60,0
AM9KC2IIN15JV,Dealer,3 BHK,1369.863014,3,2,"Ajmer Road,Jaipur",26.928785,75.828002,35,1
A280OZI067MIQN,Owner,2 BHK,1260.178364,2,3,"Sector-118 Noida,Noida",28.579845,77.403693,65,1
A1MM0WYBRDZT5O,Dealer,3 BHK,1250,2,3,"Gariahat,Kolkata",22.517786,88.366066,130,0
A1N5121RR13ZCZ,Owner,2 BHK,1380.103508,2,1,"Sarbahal,Jharsuguda",21.84208,84.010584,24,1
A2JBZWC5IY0AMG,Dealer,2 BHK,1678.086981,2,2,"7th Phase JP Nagar,Bangalore",35,136,120,0
AC0NNJ3Q6YF2N,Owner,4 BHK,825.0825083,3,2,"Monirampore,Kolkata",22.54111,88.33778,30,0
A3FRWBGL8TSOY7,Dealer,3 BHK,1088.065844,3,2,"Yeshwanthpur,Bangalore",12.96991,77.59796,66.1,1
A2ZEFDVX4X5TPX,Dealer,3 BHK,1200,3,2,"Patia,Bhubaneswar",20.353795,85.82102,48,1
AQ0BWW19DY5KE,Dealer,3 BHK,1204.451624,3,2,"Pallavaram,Chennai",12.968,80.1502,67.1,0
A2W09PJ1TTHQ6H,Owner,3 BHK,1162.582722,3,2,"Kaushambi,Ghaziabad",28.638934,77.326457,65,1
A1SB0MNI6H90DG,Dealer,2 BHK,2278.820375,2,0,"Whitefield,Bangalore",12.9958935,77.761394,170,0
A1K0TEFCRCKU9B,Owner,3 BHK,760,3,2,"Kapil Vihar Chak Gatore Snagnaer,Jaipur",26.349343,84.423219,15.2,1
A2O8HS10MV08RN,Dealer,3 BHK,991.056321,3,2,"Canttonment,Varanasi",25.30694,83.00611,82,0
A15FF2P7RPKH6G,Owner,2 BHK,1245.121725,2,2,"Sarjapur Road,Bangalore",12.86,77.786,67,1
ADLVFFE4VBT8,Dealer,3 BHK,1030.029316,3,1,"Thane West,Maharashtra",19.18,72.96333,130,0
A7E85LH2I0TAP,Dealer,4 BHK,1203.698638,2,2,"Sector-58 Seawoods,Lalitpur",28.606007,77.359111,220,0
A3M6MZMHTACBVW,Owner,3 BHK,2400,3,2,"Sector-121 Mohali,Mohali",30.696627,76.693764,120,0
A1ER584LJ4JX1X,Dealer,8 BHK,490.0064475,2,1,"Ashok Nagar,Lalitpur",12.97038,77.611368,76,0
A3N1XZUZOTIOT8,Dealer,2 BHK,5025.125628,2,2,"Khadki,Pune",18.553604,73.86247,650,0
A691XU34BVWME,Owner,2 BHK,1300.284437,2,1,"Bhayli,Vadodara",22.288976,73.128222,32,1
A2E2BTMHXJNGWN,Dealer,3 BHK,614.7311948,2,2,"Marol,Mumbai",22.803593,83.755013,110,1
A13DPGTZRONDGA,Dealer,4 BHK,1167.618059,2,1,"Chembur (East),Lalitpur",19.05871,72.89969,180,0
AGXG6VBHLW8J7,Dealer,2 BHK,2000,2,2,"Mhada Colony,Pune",18.142137,74.572831,140,0
A15NMAUKEZG3G1,Owner,2 BHK,804.8848182,2,2,"Ambalpady,Udupi",13.337165,74.730644,29,0
A1Q3DMETYMY7Q1,Dealer,2 BHK,1150.054765,2,1,"Ahinsa Khand 2,Ghaziabad",28.9196,76.8972,42,1
A3UOSNSYF9F9PV,Owner,2 BHK,690,2,1,"Kankavli,Sindhudurg",16.2661,73.7122,20.7,1
AKXYY2AS7Q8VQ,Dealer,5 BHK,7959.300894,3,2,"Manpada,Lalitpur",24.69028,78.41889,970,1
A1UQR4UUH841TH,Owner,2 BHK,2933.333333,2,2,"Vijayashree Layout,Bangalore",12.96991,77.59796,220,1
A1ML5BUFQOZ7MO,Dealer,2 BHK,650,2,1,"Ambernath,Mumbai",18.96,72.82,28.6,1
A2Z5X7QJZ1GHI1,Owner,2 BHK,1000,2,1,"Alibaug,Raigad",18.65367,72.883056,42,0
A3HHRSX7ESCP9B,Owner,2 BHK,1339.915374,2,1,"Gopipura,Surat",21.17,72.83,28.5,1
A374D06F5GMJ2R,Dealer,3 BHK,630.0422589,3,0,"Hiranandani Estate,Mumbai",19.255098,72.9815265,82,0
AN59UKY7KFW59,Owner,2 BHK,1246.105919,2,2,"Charholi,Pune",18.623733,73.929052,60,0
A39XPX6K05FLLW,Dealer,2 BHK,2065.787383,2,1,"Sector-70A Gurgaon,Gurgaon",28.384116,77.024406,130,0
AFMB9JPLQNWVT,Dealer,2 BHK,1495.016611,2,1,"Sector 78 Faridabad,Faridabad",28.38016,77.369936,49.5,1
A1DLKICH5ZB2DA,Dealer,3 BHK,488.2246377,3,2,"Kasar vadavali,Lalitpur",24.6902,78.416,53.9,0
A3VOBJCRS99G3E,Dealer,3 BHK,1500.508647,2,2,"Bhayli,Vadodara",22.288976,73.128222,29.5,1
A11N6Y2ELG1JJN,Dealer,3 BHK,1655.172414,2,2,"Sector-109 Gurgaon,Gurgaon",28.510825,77.006087,120,0
A1G0VFQ9198IUF,Owner,3 BHK,1050.286442,2,1,"Vedayapalem,Nellore",14.412591,79.960366,33,1
A31YYS8JRQAZP8,Dealer,3 BHK,1064.837498,2,2,"Ravet,Pune",18.651598,73.735448,65.2,0
A38LI8M6MP59RE,Dealer,3 BHK,1064.112796,2,0,"Majiwada,Mumbai",19.218498,72.992114,120,1
ABH7DF7IGBCXA,Dealer,2 BHK,550,2,2,"Mira Road East,Lalitpur",19.2836,72.8675,55,1
A3IBGWP53XMJY5,Dealer,1 BHK,2086.865788,1,1,"Mohamadwadi,Pune",18.52361,73.84778,160,0
A27TTFTAXKK6DQ,Owner,3 BHK,1700.102006,3,2,"Bhimganj Mandi,Kota",25.220884,75.876291,50,1
A3PZWRXBMD5YKG,Dealer,3 BHK,916.0864786,3,0,"Pimple Saudagar,Pune",18.5956,73.7981,75,0
A2FUCWMB5QYNH4,Dealer,7 BHK,913.0225853,3,2,"Samata Nagar,Mumbai",19.206252,72.962035,95,0
A38O3HBCYKNZ2N,Owner,1 BHK,1130.308413,1,0,"Bhattakufer,Shimla",31.10333,77.17222,70,1
A2TNTY0JVQGGBJ,Dealer,2 BHK,564.844103,2,2,"Nalasopara (West),Mumbai",18.96667,72.83333,25,1
ASHAQCZ26AZ4N,Dealer,5 BHK,1200.14771,3,2,"E M Bypass,Kolkata",22.54111,88.33778,65,0
A2QVVA5EOPBRI5,Dealer,5 BHK,1040.070068,3,1,"Sector-15 Ghansoli,Mumbai",19.126499,72.99956,95,1
A23W4SGMFMSE5N,Owner,3 BHK,1914.48628,2,3,"Sector 8 Sonipat,Sonipat",28.995663,77.077794,60,0
A1Y36ID1H813IP,Owner,2 BHK,1948.717949,2,1,"Piplya Kumar,Indore",22.761472,75.911242,53.2,1
A18MTD4DJ1BY2,Dealer,3 BHK,967.1179884,2,0,"Wakad,Pune",18.5993,73.7625,65,0
A3I6ZG20RKI8JU,Dealer,2 BHK,1318.031311,2,0,"Wadala,Mumbai",31.292091,75.543763,410,1
A3QDGKE0NAS0WO,Dealer,2 BHK,2666.666667,2,1,"Sector-99 Gurgaon,Gurgaon",28.462853,76.962209,200,0
A3DH85EYHW4AQH,Dealer,2 BHK,585.9375,2,3,"Bhugaon,Pune",18.50128,73.75016,36,0
A37WXUMQ6CZ1GM,Dealer,2 BHK,1423.45757,2,1,"Kasavanhalli,Bangalore",12.9077,77.6755,67.6,0
A29QUTP17Q5KJ1,Dealer,2 BHK,495.049505,2,3,"Vasind,Mumbai",18.96667,72.83333,11,0
A18UFRQQ1MOP06,Dealer,1 BHK,2422.089456,1,1,"Ardendale,Bangalore",50.817397,4.42145,150,0
A1E079MVIIMWOK,Dealer,3 BHK,718.0361711,3,2,"Malad (West),Mumbai",19.1849,72.8347,160,1
AEE2RTBH1WD9A,Dealer,2 BHK,1794.392523,2,1,"Sector-15 Bahadurgarh,Bahadurgarh",30.752321,76.772816,48,1
A19XSO4JSFRSAE,Owner,3 BHK,1250,3,2,"Sikandra,Agra",27.216013,77.950834,49,0
A2BV4J46GUZGQ,Dealer,2 BHK,1600,2,1,"Manpada,Lalitpur",24.69028,78.41889,200,0
AL3EQN8HMELY2,Owner,3 BHK,540.1057228,3,2,"HL Colony,Chennai",13.028627,80.252681,23.5,0
A3JVLYSC4VG8XL,Dealer,1 BHK,1665.103189,1,1,"Zirakpur,Chandigarh",30.662283,76.822397,71,1
A2OWR5G2OAQF7C,Dealer,1 BHK,1828.681424,1,1,"Sector-37D Gurgaon,Gurgaon",28.449774,76.971789,76,1
AMZCZBK1EF1PV,Owner,1 BHK,1726.573536,1,1,"Thanisandra,Bangalore",13.055985,77.622157,110,1
A18CEGOR80OFT0,Dealer,2 BHK,1630.257581,3,1,"Jeejamata Nagar,Lalitpur",24.69028,78.41889,200,1
AMNS6TYMWQG0Y,Dealer,2 BHK,1723.169133,1,0,"Gola Ghata,Kolkata",22.54111,88.33778,92,1
A35SLV5XTFUZ4C,Dealer,3 BHK,1515.789474,3,1,"Kharghar,Mumbai",19.038205,73.06612,180,0
A1VWM885W9XFMT,Dealer,2 BHK,1150,2,1,"Singh More,Ranchi",23.35556,85.33472,46,1
A1RHFH0KA7MFZ3,Dealer,4 BHK,1409.646739,2,3,"Sector-105 Mohali,Mohali",30.658839,76.681686,41.5,0
A1C81NF8MDTTFL,Dealer,3 BHK,1200,2,1,"Sector 78 Faridabad,Faridabad",28.38016,77.369936,25.8,0
A1DIFTP02ERYNS,Owner,2 BHK,1270.325203,2,0,"Sain Vihar,Ghaziabad",28.63601,77.433724,37.5,0
AJGU56YG8G1DQ,Owner,2 BHK,595.0413223,2,2,"Katraj,Pune",18.437853,73.865268,36,1
A1DR8CFJKYFSPR,Dealer,2 BHK,2766.798419,2,3,"Sector-81 Gurgaon,Gurgaon",28.388225,76.946376,210,0
ARCP4MN7E1NNC,Dealer,3 BHK,405.0769646,3,2,"Shibrampur,Kolkata",22.483287,88.263398,15,1
AV2VEYY6SXUGQ,Owner,2 BHK,599.7818975,2,3,"Waghodia Road,Vadodara",22.294094,73.233686,16.5,0
A2STIW1YRV8KE7,Dealer,1 BHK,1250,1,0,"Sampigehalli,Bangalore",13.081616,77.620233,88,1
AV27V8MP3KAP2,Dealer,2 BHK,550,2,1,"Sathe Nagar,Pune",18.144044,74.569395,22,0
A2GBXK7E5A2VPV,Dealer,3 BHK,1185.313674,3,2,"Vajulsar,Palghar",19.680248,72.757527,41,1
AMTDEF7SAP17N,Owner,3 BHK,1078.050884,2,1,"Satgachi,Kolkata",23.207157,88.404471,75,1
A157UWPD5TDS5H,Dealer,2 BHK,1884.057971,2,2,"Sector-28 Noida,Noida",28.5722,77.3331,130,0
AGRMNBUKVYHKW,Dealer,4 BHK,1150.086256,2,2,"Sahakara Nagar,Bangalore",13.064,77.58,60,1
AO4UH9E8UN2ZJ,Dealer,3 BHK,1854.624487,2,1,"Zirakpur,Chandigarh",30.662283,76.822397,76.8,0
A18CTETG5SJ3DP,Owner,3 BHK,550.1618123,2,0,"Lonikand,Pune",18.52361,73.84778,17,0
A216KUCPWG8XYN,Dealer,3 BHK,1395.23695,3,2,"Sector 84 Faridabad,Faridabad",28.40473,77.367514,58,1
A2BGWBOVZQSY,Dealer,2 BHK,1070.124638,2,0,"Hadapsar,Pune",18.49667,73.94167,85,1
ANUF0T1K35JH9,Dealer,5 BHK,1122.067324,3,2,"Dona Paula,Goa",15.45056,73.80333,99,0
ANAUU7FNHWAVO,Owner,2 BHK,1000,1,0,"Vrindavan Yojna,Lucknow",26.766594,80.949809,35,1
A1KBKZWEQ45BMH,Dealer,2 BHK,1145.339652,2,1,"Ullal,Mangalore",12.837164,74.833514,29,0
AS7W26NNLSU8K,Dealer,2 BHK,706.0010086,2,2,"Nayabad,Kolkata",22.483471,88.417711,28,1
A1JYYNQVR86RTN,Dealer,3 BHK,1321.052632,2,2,"Jagatpura,Jaipur",26.832353,75.841749,50.2,0
A1N5M6H4GKNBG6,Owner,3 BHK,1600,2,2,"Kalathipady,Kottayam",9.592875,76.55165,66,1
A306PAX3GWF5KV,Dealer,3 BHK,581.3315784,3,2,"Dombivli (East),Maharashtra",19.2167,73.0833,53,0
A1QQ60DX82BE3W,Owner,4 BHK,650.1182033,3,2,"Sodepur,Kolkata",22.69995,88.390833,22,0
A2P19WZ6WD2OZK,Dealer,4 BHK,1570.954791,2,3,"Model Colony,Pune",30.131866,77.296756,270,1
A2BN0B0CJQI3KP,Owner,3 BHK,1200,3,1,"Near St.Mary School,Bhimavaram",16.5333,81.5333,60,0
A166W2TPZLTNQA,Dealer,9 BHK,1632.208923,11,2,"New Alipore,Kolkata",22.53028,88.33417,120,0
A257TD5GO1T81W,Dealer,5 BHK,1380.015334,2,3,"Rajarhat,Kolkata",22.54111,88.33778,54,1
A3BD5B8Y8MY25X,Dealer,3 BHK,1375.095493,3,3,"Lohegaon,Pune",18.595456,73.946088,72,1
A11NFERETUWA8Z,Owner,4 BHK,1220.008133,,2,"New Hyderabad,Lucknow",26.81917,80.49861,60,0
A16O0S1QROXGJM,Dealer,1 BHK,1120.045951,1,1,"Wakad,Pune",18.5993,73.7625,78,1
A948FPTGYXYBO,Dealer,2 BHK,1480.062685,2,1,"Indirapuram,Ghaziabad",28.63676,77.36315,85,0
A2BJTZ5JZHAJ9B,Dealer,2 BHK,584.0163934,2,2,"Perambur,Chennai",13.1103,80.2425,39.9,1
A4BUVWK8SXR7Z,Builder,2 BHK,1376.923077,2,1,"Kuttanellur,Thrissur",10.534056,76.184529,53.7,1
ATSAX8ZTAX58B,Owner,4 BHK,4152.028106,3,1,"Alamgir,Ludhiana",30.809003,75.856308,130,1
A3DGMXQVIT6R31,Builder,2 BHK,148939.7228,2,1,"Whitefield,Bangalore",12.9958935,77.761394,8920,1
A37REIKYSHU4ZF,Dealer,4 BHK,1486.403777,2,1,"Manpada,Mumbai",19.239813,72.962722,170,1
AWZ1C2FT0L3W9,Owner,3 BHK,900.3215434,2,2,"Sector 9 A Bharat Nagar,Gandhidham",23.065877,70.142245,14,0
A2SBZQR76C5TXB,Dealer,4 BHK,1120,3,2,"Pammal,Chennai",12.975,80.13472,44.8,1
A37REIKYSHU4ZF,Dealer,3 BHK,1288.855193,2,2,"Nelamangala,Bangalore",13.144144,77.340868,68,0
A1P70MC7XXRFX8,Owner,3 BHK,690.0782089,2,2,"Pimple Nilakh,Pune",18.576018,73.793901,45,0
A2J3CWYRKKY59X,Dealer,4 BHK,1345.755694,3,2,"Sushant Golf City,Lucknow",26.781748,81.006714,52,0
A3UAV8WK31RJY5,Dealer,3 BHK,710.9322602,3,0,"Kalyan (West),Mumbai",19.245347,73.124577,53,1
AVCA516CFZ9HF,Dealer,3 BHK,2143.260011,3,1,"Chembur,Maharashtra",19.05871,72.89969,570,0
ALPB765XCHABX,Owner,4 BHK,821.9178082,2,2,"R.K Pally,Kolkata",22.65,88.34,33,1
A1ONWQH8IQKWKH,Owner,2 BHK,1200.369344,2,2,"Paul Nagar,Vizianagaram",18.11667,83.41667,26,0
A36TDCR3BJZNS6,Dealer,2 BHK,1600,1,1,"Andheri (West),Maharashtra",19.139348,72.820458,310,1
A3PVRBBGCSGP0Y,Dealer,1 BHK,1134.716321,1,0,"Bileshivale,Bangalore",13.054202,77.674002,45.4,0
A21T963HSJXVGX,Dealer,3 BHK,1540.154015,3,1,"Bansdroni,Kolkata",22.470809,88.363181,70,1
AWFA4158DDDWC,Dealer,3 BHK,1129.943503,2,0,"Salaiya,Bhopal",23.150756,77.443534,26,1
A3TF6OME7HCF5F,Owner,2 BHK,1475.288911,1,1,"Nanjundapuram,Coimbatore",10.986809,76.997595,60,0
A2CJGVAHVZGJIP,Dealer,3 BHK,650.0206356,2,3,"Vinay Nagar,Mumbai",19.121226,72.880241,63,1
A14L15JM990MBP,Dealer,2 BHK,2070.393375,2,1,"Nipania,Indore",22.760061,75.928572,90,0
A1KTOS2XRCSCYE,Dealer,3 BHK,343.0400976,3,3,"Karade Khurd,Maharashtra",19.468202,73.292858,22.5,0
ACTRNPJW3RPUI,Owner,3 BHK,1083.863975,2,1,"Action Area II,Kolkata",22.54111,88.33778,80,1
A2C0UAQR4I25P6,Dealer,2 BHK,1932.876472,2,1,"Sector-108 Gurgaon,Gurgaon",28.514348,76.983292,110,1
A13LUJJPV36AC6,Dealer,2 BHK,1500.176491,2,1,"Kondhwa,Pune",18.52361,73.84778,85,0
A2WKQ9LUO7IRBE,Dealer,3 BHK,956.5217391,3,2,"Manpada,Lalitpur",24.69028,78.41889,110,1
AJUFHXALV1WHR,Dealer,1 BHK,1890.482399,1,1,"Crossing Republik,Ghaziabad",28.629811,77.434197,58,0
A1Y77C1DAMDBNI,Dealer,3 BHK,1484.593838,3,2,"Zirakpur,Chandigarh",30.662283,76.822397,53,1
A20S7XV2JK0UXL,Dealer,2 BHK,964,2,3,"Vinay Nagar,Mumbai",19.121226,72.880241,72.3,0
A1821RZMPRSJBH,Owner,2 BHK,660.1218687,2,2,"Electronic City,Bangalore",12.8458,77.6727,19.5,1
A3R60DE2H7BU5M,Dealer,2 BHK,1207.000604,2,2,"Hebbal,Bangalore",13.04034,77.591347,100,0
A2D64PE54FU972,Dealer,2 BHK,625,2,1,"Alwar Bypass Road,Bhiwadi",28.2102,76.8606,18,0
A1WFB999A4AQYK,Owner,3 BHK,9722.222222,2,2,"Karthikeya Nagar,Secunderabad",17.45,78.5,35,1
A3SXMGUQB2UYVW,Dealer,5 BHK,1165.076822,2,3,"Kanjur Marg (East),Maharashtra",18.96,72.82,160,0
A3B8RCEI0FXFI6,Owner,2 BHK,899.820036,2,0,"Rajopadhye Nagar,Kolhapur",16.7,74.23333,30,0
A29Z5PI9BW2PU3,Dealer,2 BHK,2179.598954,2,2,"Marine Drive,Kochi",9.9800255,76.275303,150,1
A39EBYCBC6A62Z,Owner,2 BHK,632.0779563,2,3,"Sekaran Nagar,Chennai",13.010897,80.224622,24,1
A204906HLJ443E,Owner,3 BHK,1090.059694,2,1,"Harrawala,Dehradun",30.322426,78.041086,42,0
ACSKQVRP8V695,Owner,2 BHK,1080.246914,2,2,"Svr colony rd.no: 5,Kurnool",15.836503,78.018821,35,1
A2HLL8L5QELLLO,Owner,3 BHK,2500,3,2,"Gopalpura Bypass,Jaipur",26.878068,75.779856,140,0
A35NWZIPF97EIS,Dealer,2 BHK,1824.034335,2,1,"Ambedkar Colony,Bangalore",13.073793,77.794824,170,1
A6GKKTS24Q6V7,Owner,2 BHK,1700.276789,2,1,"Tukoganj,Indore",22.724352,75.878033,86,1
A1VTIVOTCXO7VO,Owner,3 BHK,497.9591837,2,2,"Raopura,Vadodara",22.282591,73.09303,12.2,1
A31W11VBMM1OQ0,Dealer,3 BHK,1014.301653,3,1,"Vijay Nagari,Lalitpur",24.69028,78.41889,100,1
AC3ZR64550O35,Owner,2 BHK,1717.229536,2,0,"Bawadia Kalan,Bhopal",23.176444,77.448917,60,1
A2X5PQ4WZBM0SZ,Owner,2 BHK,1267.779839,2,1,"Cbri Colony,Roorkee",29.862201,77.903715,41,0
A3MP1RFOVTGCMI,Dealer,1 BHK,919.0899503,1,0,"Bhugaon,Pune",18.50128,73.75016,61,1
AX9RG05FWB6BD,Owner,8 BHK,1650.269756,3,3,"Zirakpur,Chandigarh",30.662283,76.822397,52,0
A1DJ9FOEOA0WF1,Dealer,4 BHK,1051.524711,2,2,"Malad (East),Lalitpur",19.1758,72.8643,140,0
A1BPPXZZ5RTSS2,Dealer,1 BHK,1024.182077,1,1,"Hoodi,Bangalore",12.989437,77.717806,36,0
A1WMMANU9LCK2N,Owner,2 BHK,1100,2,1,"Frazer Town/Cleveland Town,Bangalore",12.997946,77.612863,88,1
A11S4NOJZGS28Q,Owner,2 BHK,2750.275028,2,2,"Botanical Garden,Surat",22.5593685,88.2880835,150,0
A3JHTGEVR4714V,Dealer,1 BHK,1625.301999,1,0,"Sector-74 Noida,Noida",28.577673,77.389781,74,1
A31S5UIBZ9BBD1,Owner,3 BHK,800,3,1,"Garfa,Kolkata",22.504225,88.379757,30,0
A3PMBXZJ92K7GU,Owner,2 BHK,1432.033488,2,2,"Prafulla Kanan West,Kolkata",22.54111,88.33778,130,1
A31R24ZA4DM11F,Dealer,3 BHK,1528.050644,2,2,"Wadala,Maharashtra",19.015576,72.851441,280,0
AZ7VXEEOF0H40,Dealer,1 BHK,419.0419042,1,1,"Baner,Pune",18.558319,73.77588,41.9,1
A2VZV78X2V3RPE,Dealer,3 BHK,1165.126557,3,2,"UIT,Bhiwadi",28.2102,76.8606,29,1
A2IEI64V5JUHCF,Dealer,2 BHK,2278.571429,2,2,"Bolar,Mangalore",12.843852,74.845271,95.7,0
A19AJYWSXCFYBY,Dealer,2 BHK,1843.537415,2,2,"Kundli,Sonipat",28.874383,77.113251,54.2,1
A2YXK01X9CDYGH,Dealer,3 BHK,1306.67712,3,2,"Mira Road,Mumbai",19.283359,72.864964,100,0
A2SJ5U8LJCV18H,Dealer,3 BHK,1288.014311,3,3,"Zirakpur,Chandigarh",30.662283,76.822397,36,0
AO41UUXDH3CO,Dealer,3 BHK,1820.020222,2,1,"Goregaon (East),Lalitpur",19.1615,72.8731,450,1
A22A7OEB664QSC,Dealer,3 BHK,1465.273029,2,2,"Sector-8 Ulwe,Mumbai",19.216097,72.821721,150,1
A3T0XNCN34YSWE,Dealer,2 BHK,1782.178218,2,1,"Edapally,Kochi",9.930471,76.271273,90,0
A1I4UIBK83VV1Q,Owner,2 BHK,1344.743276,2,1,"Kengeri,Bangalore",12.919987,77.489265,55,1
A394MHK3CSDGUV,Dealer,4 BHK,698.0306346,3,2,"Uttarahalli,Bangalore",12.90579,77.54264,31.9,0
A37YPYG4AUQFOT,Owner,2 BHK,883.0022075,2,2,"Mysore Road,Bangalore",12.96991,77.59796,52,1
A5R2B96GZWAE7,Dealer,2 BHK,635,2,1,"Sector 82 Faridabad,Faridabad",28.394375,77.357227,25.4,0
A3RNVTDCBB0NFI,Dealer,4 BHK,1340.159615,3,2,"Hadapsar,Pune",18.49667,73.94167,89,1
A3SSH0YMILRQU2,Owner,3 BHK,1250,3,2,"Near leo classes,Surat",41.2234,-85.0111,30,0
AC4PLBII96SUC,Dealer,2 BHK,1150.130348,2,0,"Ulwe,Maharashtra",18.973908,73.025106,75,1
A219LI5KK8V8R1,Dealer,1 BHK,886.7298944,1,1,"Goregaon (West),Mumbai",19.161955,72.839616,230,0
A3HRFH52UB70L7,Dealer,2 BHK,680.0552545,2,0,"Kolshet Road,Lalitpur",24.69028,78.41889,64,1
A2PS4H0PABQYHG,Builder,7 BHK,919.5781147,7,2,"Gulmohar Colony,Bhopal",23.185601,77.435433,27.9,0
AP6HPIGX1SAAL,Dealer,1 BHK,1718.523878,1,0,"Shankar Pada,Lalitpur",24.69028,78.41889,190,1
A1YP0TYC0FPM73,Dealer,1 BHK,905.1186017,1,0,"Virar West,Lalitpur",19.4559,72.8114,43.5,1
A290S3VPH3P6VO,Builder,2 BHK,1609.756098,2,2,"Vaishali Nagar,Jaipur",26.91868,75.750399,66,0
A21CC82KBPT1JB,Dealer,2 BHK,1830.377444,2,1,"Gomti Nagar Extension,Lucknow",21,77,80.5,0
A3RNKSZ2W573RU,Owner,3 BHK,880.0993995,3,2,"Edapally,Kochi",9.930471,76.271273,42.5,0
A3N3QK4DKTL0FM,Owner,8 BHK,1525.79317,7,2,"KR Puram,Bangalore",13.010349,77.712151,63,1
A27WZVW45MRO01,Dealer,2 BHK,3400.204012,2,1,"Sector 41 Faridabad,Faridabad",28.469744,77.289808,100,1
A2TIXE6PJOC7X2,Dealer,3 BHK,1025.077796,2,2,"Taloja Panchanand,Mumbai",18.96667,72.83333,56,1
AE5DR1HZNY9CV,Owner,2 BHK,1236.004072,2,1,"Manganam,Kottayam",9.575948,76.55974,85,1
A3E3YJO2V3YZUM,Dealer,1 BHK,1469.335605,1,1,"Zirakpur,Chandigarh",30.662283,76.822397,34.5,1
A1ER07TOX6RHSU,Dealer,2 BHK,389.6443515,2,1,"Virar West,Lalitpur",19.4559,72.8114,29.8,0
A3CP4FB1CZCRW3,Dealer,1 BHK,1361.049245,1,1,"Ulwe,Maharashtra",18.973908,73.025106,110,1
A1NXGRAQROM9AL,Dealer,2 BHK,1070.018093,2,2,"Danda,Lalitpur",25.759244,78.621641,550,0
A3AEB0UGBHU44M,Dealer,3 BHK,1211.973716,2,1,"Horamavu Agara,Bangalore",13.0318,77.6583,49.8,1
AECDRQB9XVYB4,Dealer,3 BHK,1350.048216,3,1,"Pimple Saudagar,Pune",18.5956,73.7981,84,0
A26IDKJAMW7IH8,Owner,2 BHK,752.0111927,2,2,"Sector-4 Vasundhara,Ghaziabad",28.65998,77.370279,43,1
A6IL98GAOECR5,Dealer,3 BHK,750.0534988,2,1,"Airoli,Lalitpur",19.159184,72.993784,70.1,0
A2SAMAD4Y3UCT0,Dealer,2 BHK,2256.06317,2,2,"NIBM,Pune",18.475864,73.890009,120,1
ARDU0AO7974KW,Owner,2 BHK,1205.37784,2,1,"Sayajipura,Vadodara",22.323406,73.240395,26,0
A1W655J5ZE1Z33,Owner,5 BHK,796.9397514,3,2,"Kurunji Nagar,Chennai",13.09,80.27,50,1
A2YQJ44XCVYT0M,Dealer,4 BHK,1622.822002,2,3,"Vaibhav Khand,Ghaziabad",28.9196,76.8972,95,0
A3V9TJMGP2RNU3,Owner,3 BHK,1140.065147,2,1,"Koritepadu,Guntur",16.313877,80.434836,35,1
A3L8MP3YA6U4R5,Owner,3 BHK,317.0289855,3,3,"Panki,Kanpur",26.462204,80.239088,10.5,1
A37XRRE5STW4IV,Owner,5 BHK,949.9136442,2,0,"R V Desai Road,Vadodara",22.7156,73.2927,22,0
A3F2Y0NIGB5ZVR,Dealer,3 BHK,1423.636364,2,2,"Siddapura,Bangalore",12.953042,77.732643,78.3,1
A1BQGB0OQWIFF9,Dealer,3 BHK,869.9686811,3,2,"Bhandup (West),Mumbai",19.147866,72.932609,150,0
A2WVF9ZQ068DN0,Dealer,3 BHK,1772.362227,3,2,"Chembur,Mumbai",19.05871,72.89969,320,0
A1YUL9PCJR3JTY,Dealer,3 BHK,669.9384591,2,2,"kurla (west),Lalitpur",19.0713,72.883,86,1
AVM2B9N0UFA9H,Owner,3 BHK,1000,2,2,"Mangyawas,Jaipur",26.857412,75.743221,29,1
A1QAJ948PN36II,Dealer,9 BHK,710.0031556,10,2,"Taloja,Mumbai",19.076057,73.097319,45,0
AM9URRLZAF29K,Owner,2 BHK,1575.795777,2,2,"Sector 89 Faridabad,Faridabad",28.431903,77.364821,50,1
A1JQOC5JHYKZYL,Dealer,3 BHK,1177.971925,3,1,"Taleigao,Panaji",15.467771,73.826033,120,0
A5FPPBPBAFJ2S,Dealer,3 BHK,1784.214945,3,0,"Anna Nagar,Chennai",13.0846,80.2179,170,1
A7TCUZ9EVNRS0,Dealer,2 BHK,2090.152938,2,2,"Zirakpur,Chandigarh",30.662283,76.822397,77.9,0
A3E93G4CH7SUFZ,Dealer,3 BHK,1378.26087,3,1,"Kolapakkam,Chennai",13.007082,80.151497,63.4,1
A3J30T6XOU0BWS,Dealer,3 BHK,1595.179015,3,2,"Sarjapur,Bangalore",12.86,77.786,90,0
A1RQQ2HWUGEUWA,Dealer,2 BHK,885.7142857,2,2,"Manapakkam,Chennai",13.0133,80.17286,46.5,0
A32MYPC8W71G18,Owner,3 BHK,1666.082076,2,3,"Akshaya Nagar,Bangalore",12.96991,77.59796,95,1
A21LJ23K0HFF10,Dealer,2 BHK,3285.014079,2,1,"Wadala East,Maharashtra",19.014858,72.8662,630,0
ABN71P7HPHNB5,Dealer,3 BHK,1020.007846,3,3,"Mira Road,Mumbai",19.283359,72.864964,78,0
A6C3DDB4N0U5D,Owner,3 BHK,1250,2,3,"Sector-1 Vidhyadhar Nagar,Jaipur",26.959353,75.779194,55,1
A3OYJTGNJDH660,Dealer,2 BHK,472.0161834,2,2,"Kolshet Road,Mumbai",19.249861,72.963866,70,1
A34G1IVU53D91O,Owner,3 BHK,820.256776,3,1,"Umargam,Valsad",20.27801,72.84171,23,0
A2TK2DJJ8PCIGE,Dealer,4 BHK,720.0460829,2,1,"Sector 17 Ulwe,Maharashtra",18.964489,73.019574,50,0
A3R7A2954ZKBZK,Owner,3 BHK,1019.974501,8,3,"Balagere,Bangalore",12.93687,77.720248,72,0
A3AYK1I6RAHYR1,Dealer,3 BHK,2763.085182,2,2,"Sector-128 Noida,Noida",28.522931,77.357078,350,1
A2QYFW82MD0SY6,Dealer,4 BHK,1285.84287,2,2,"Poonam Gardens,Lalitpur",24.69028,78.41889,100,1
A38MF3LIFBPX51,Dealer,5 BHK,2900.652647,2,2,"Kanke,Ranchi",23.35556,85.33472,120,1
A3TTGKBYJCV8J6,Owner,2 BHK,6456.241033,2,1,"Verem,Goa",15.047865,74.258945,45,1
A1PKVDA89F3SQQ,Owner,3 BHK,649.9535747,8,3,"Shahunagar,Pune",18.52361,73.84778,35,1
AMFYR0T3ZCY8S,Dealer,3 BHK,1625.301999,2,1,"Noida Sector-150 ATS Le Grandiose,Noida",28.530661,77.372736,74,0
A2E58SOV509OGK,Owner,2 BHK,850.0772798,2,1,"Sector-129 Noida,Noida",28.507373,77.386719,44,1
A3JPZKLKXNZHIE,Owner,2 BHK,1045.150502,2,2,"New Mehul Nagar,Jamnagar",22.47,70.07,25,0
ABXZ7V8DVN5ZO,Owner,2 BHK,1150.22656,2,1,"Rampur Ghana,Amroha",28.858274,78.465166,33,0
A2GTW6FM6DRZSZ,Owner,4 BHK,1254.064097,2,3,"ITI Layout,Bangalore",12.96991,77.59796,81,0
A3C2F0J9YACVB1,Dealer,2 BHK,2100.006614,2,2,"Cuffe Parade,Lalitpur",18.9147285,72.8202265,1270,1
A1ZN56A70GEGN7,Dealer,2 BHK,1100.046318,2,3,"Sector 5 Ulwe,Lalitpur",22.575343,88.433715,95,0
A12NVPFJVS0EQW,Dealer,3 BHK,1332.149201,3,2,"Dhanori,Pune",18.578765,73.890693,90,1
A3ULMCBO9WAN2L,Dealer,3 BHK,1289.62536,3,2,"Sarjapur,Bangalore",12.86,77.786,89.5,0
A2H92JBMYI97KA,Owner,9 BHK,1350.135014,12,2,"Sahibabad,Ghaziabad",28.6711,77.3683,45,1
A3F9CMU8KNAY1M,Owner,3 BHK,880.0433252,3,0,"Jwalapur,Haridwar",29.9243,78.1076,32.5,0
A1PRJJ5NR4VTAK,Owner,3 BHK,1079.913607,2,2,"Satya Nagar,Bhubaneswar",20.2814,85.849075,40,1
A1Z5TMUGWOQ1Z5,Owner,3 BHK,1279.863481,2,1,"Sector-134 Noida,Noida",28.5041,77.381557,60,1
AX5JZLRL9KN9B,Dealer,1 BHK,457.321174,1,1,"Evershine Nagar,Mumbai",24.090195,87.990011,170,0
A21VIUWL12CNEL,Dealer,2 BHK,1884.210526,2,1,"Sushant Golf City,Lucknow",26.781748,81.006714,71.6,1
A2QOP0L8VG843A,Dealer,3 BHK,1600,3,3,"Sector-8 Ulwe,Maharashtra",19.216097,72.821721,120,0
ALIU1R2MJQ53F,Owner,2 BHK,900.090009,2,1,"Sonarpur,Kolkata",22.4426,88.4304,40,0
A1N0AEOEZV7ZWM,Builder,2 BHK,1281.553398,2,2,"Baker Hill,Kottayam",9.594191,76.524269,66,1
A36JCWHDZW0JXY,Owner,4 BHK,702.202362,2,0,"Alok Nagar,Indore",22.72056,75.84722,22,1
A1B40VHNFY129X,Dealer,2 BHK,1093.135111,2,2,"Balewadi,Pune",18.097689,74.735239,75,0
A22LUAIE4SMPGZ,Owner,3 BHK,1098.283931,2,2,"Bhuwana,Udaipur",24.617977,73.708104,35.2,1
A3OE43295RWN74,Dealer,4 BHK,1750.996256,2,2,"Rajaji Nagar,Bangalore",12.9847,77.5491,290,0
A3OK0COYMR9WUK,Dealer,2 BHK,1109.877913,2,2,"Ajmer Road,Jaipur",26.928785,75.828002,20,1
A1ZP3UHZXPLJ0U,Dealer,3 BHK,621.1180124,3,2,"Salap,Kolkata",22.614897,88.266824,16,0
A3JV57W80SI5MX,Dealer,2 BHK,630.0630063,2,2,"Virar West,Lalitpur",19.4559,72.8114,28,1
AD6KPEXEHEH5N,Dealer,4 BHK,1100.352113,3,2,"Mansarovar Extension,Jaipur",26.8626,75.7633,25,0
A133OLJFP564T1,Dealer,3 BHK,366.3423011,2,2,"Hinjewadi,Pune",18.5853,73.7413,32,0
A1HOXKR7OKJ1X1,Dealer,3 BHK,2132.687763,2,1,"Borivali (East),Lalitpur",19.235,72.8598,370,0
A2CFWPZX3VUF64,Owner,5 BHK,1330.180313,2,2,"palm avenue,Kolkata",22.54111,88.33778,90,0
AUFES5GU717KT,Dealer,3 BHK,1260.126013,3,3,"Modinagar,Hapur",28.72795,77.78473,28,0
A1BMZEA51ZR6JD,Dealer,3 BHK,1424.332344,2,2,"NH-8,Dharuhera",12.973237,77.646859,24,1
A2MFQXDIPFDXGX,Owner,1 BHK,888.030888,1,0,"Neeladri Nagar,Bangalore",12.986987,77.736436,46,1
A2N3BRPS0NS7FF,Owner,3 BHK,983.8369642,2,1,"Ajmer Road,Jaipur",26.928785,75.828002,28,0
AYGJ96W5KQMUJ,Dealer,3 BHK,3400.35482,3,2,"Anjanapura,Bangalore",12.96991,77.59796,230,0
A2A0LMJKSRTKY2,Owner,9 BHK,565.1105651,3,3,"Revdanda,Raigad",18.5536,72.9256,23,0
A2XA2823X5EPKE,Dealer,2 BHK,1454.898157,2,2,"Suraksha Nagar,Bangalore",20.098413,79.10786,75,1
A265ZN83B11MSQ,Dealer,8 BHK,1019.965278,8,3,"Hiranandani Estate,Lalitpur",19.255098,72.9815265,94,1
A1804Z5697O7SX,Owner,2 BHK,1435.956347,2,1,"Jagatpura,Jaipur",26.832353,75.841749,50,1
A25XCB9AMF34AE,Owner,3 BHK,1042.011247,3,2,"Akshayanagara West,Bangalore",12.96991,77.59796,63,1
A15YB0DWQ815SY,Owner,7 BHK,1370.16094,3,2,"Kasavanhalli,Bangalore",12.9077,77.6755,63,1
A1ESKQMRVT5AAR,Dealer,2 BHK,1110.0148,2,2,"Sector-18 Ulwe,Mumbai",18.973908,73.025106,90,0
A4WQ5WJZMLUQG,Dealer,3 BHK,1009.18357,3,2,"Sector 10 Kharghar,Lalitpur",19.033956,73.075342,100,1
A2H6LERTQ3PHEU,Owner,3 BHK,1400.367309,2,1,"Shaheed Nagar,Bhopal",23.260765,77.386515,30.5,0
A3B4KVOTQT9TII,Dealer,2 BHK,1250,2,2,"Mulund (West),Lalitpur",19.1759,72.9522,180,1
A30T3R2JOVEVDP,Owner,2 BHK,1410.039481,2,1,"Mico Layout,Bangalore",12.911464,77.604916,75,0
A10CF04CJZC05F,Owner,3 BHK,998.003992,3,2,"Medavakkam,Chennai",12.91716,80.19287,55,1
A281NPSIMI1C2R,Dealer,2 BHK,54225.69614,2,2,"Thane West,Lalitpur",19.18,72.96333,9990,0
A25OQMK5WR76P8,Dealer,3 BHK,1300.070274,2,1,"Mansarovar Extension,Jaipur",26.8626,75.7633,37,1
A1BRY47PU9CIX9,Owner,3 BHK,1299.013712,3,3,"Ashiyana Colony,Lucknow",26.784408,80.916026,54,0
A31I1DOABV0APB,Owner,3 BHK,540.1026195,3,2,"Sarasnagar,Ahmednagar",19.08333,74.73333,20,1
A60Q11ZYE2U42,Owner,2 BHK,650.0101564,2,0,"Narhe,Pune",18.442587,73.829832,32,0
A28RREP03HJZGU,Owner,3 BHK,900.090009,2,2,"New Palasia,Indore",22.715073,75.879428,40,1
A8VBKZI1OHE8W,Owner,2 BHK,1250,2,1,"Sector-3 Bahadurgarh,Bahadurgarh",19.000869,73.118903,35,1
A1K3CH8AIXM7DE,Dealer,5 BHK,990.0990099,2,2,"Sector-35G Kharghar,Lalitpur",24.69028,78.41889,85,0
A2M3MWB9QHGZ97,Owner,3 BHK,1200,3,2,"Alwar Bhiwadi Road,Bhiwadi",28.21,76.87,24,1
A1KV2HEQG5N86S,Owner,4 BHK,1603.354711,3,1,"1st Block HRBR Layout,Bangalore",13.037343,77.628291,130,0
AJXMQ2116MJER,Dealer,5 BHK,1149.330925,2,1,"Jijamata Nagar,Lalitpur",18.019094,76.067382,140,0
A1WVOM1UQU9ZN0,Dealer,2 BHK,2485.659656,2,2,"Sector-66A Mohali,Mohali",30.661104,76.746082,130,1
A2W3RO3ZLLX9N9,Owner,2 BHK,750.1071582,2,1,"Kestopur,Kolkata",22.605438,88.422084,35,1
AL619MA80I8RE,Dealer,2 BHK,1400.070004,2,2,"Camp,Pune",18.52361,73.84778,160,0
AI2GIQN8ANTOL,Owner,2 BHK,1099.807534,2,1,"Babusapalaya,Bangalore",12.96991,77.59796,40,1
A1WLOJBYGZ49HL,Owner,2 BHK,1380.138014,2,2,"Sector-79 Noida,Noida",28.558047,77.392752,92,0
A2LUSYXY8NXYKW,Owner,2 BHK,900.9009009,2,2,"Talpur,Bhilai",21.17549,81.312773,7,1
A2QDN143KAZK6T,Dealer,3 BHK,1385.224274,3,1,"Sector-120 Noida,Noida",28.585757,77.396668,63,0
A1TWAHERFJW5PH,Dealer,2 BHK,1820.020222,2,1,"Goregaon (East),Maharashtra",19.1615,72.8731,450,1
A2G0773XS6R763,Dealer,2 BHK,325.0337299,2,1,"Nalasopara (West),Mumbai",18.96667,72.83333,26.5,0
A3UE3WHLZLCMBH,Dealer,3 BHK,2026.902524,3,2,"Sector-82 Mohali,Mohali",30.654128,76.732427,110,0
A37QU23QG5SC48,Owner,2 BHK,1664.402174,2,2,"Sodepur,Kolkata",22.69995,88.390833,49,0
A3G5N7REKFVX0M,Dealer,4 BHK,2060.262683,2,3,"Kharadi,Pune",18.5438,73.9438,160,0
AEUTF9X5A9RE8,Dealer,3 BHK,1721.170396,3,3,"Ardendale,Bangalore",50.817397,4.42145,90,0
A2T7GZ74MZI0MN,Dealer,2 BHK,1200.033104,2,2,"Oshiwara,Lalitpur",24.69028,78.41889,290,1
A117ST5ZLY9YNK,Dealer,3 BHK,2600.104004,3,3,"1st Block Jayanagar,Bangalore",26.696758,90.513797,450,1
A1EB9417KLZ2TZ,Dealer,3 BHK,1476.173415,7,3,"Sector 75 Faridabad,Faridabad",28.365512,77.346306,41.2,0
A29QXI9MWCVO7Q,Owner,2 BHK,1070.090958,2,2,"Sector-137 Noida,Noida",28.506454,77.409568,60,1
A3I7PE5X2MB9JY,Owner,2 BHK,1200,2,1,"Sakkardara,Nagpur",21.124831,79.115257,60,0
AFSPO2KS1G8R1,Dealer,3 BHK,300.3102105,3,2,"Wadala East,Maharashtra",19.014858,72.8662,91,1
A37V4NXX3SP40T,Dealer,3 BHK,1300.236407,3,3,"Narendra Nagar Extension,Lalitpur",21.105779,79.078497,55,1
A1X5X96K9B3OVC,Dealer,4 BHK,675,2,2,"Badlapur,Mumbai",18.96667,72.83333,27,1
AAUFOYF14DK7D,Owner,2 BHK,720.1355549,2,2,"Kankhal,Haridwar",29.892311,78.000723,25.5,1
A2EY93D9MVNN7J,Dealer,2 BHK,1183.651805,2,1,"Midhilapuri Vuda Colony,Visakhapatnam",17.7,83.25,44.6,1
A183EVXVRWRXXI,Owner,3 BHK,999.0917348,3,2,"Sector-49 Noida,Noida",28.564519,77.366816,55,0
A23YGAIIIVTXEJ,Owner,2 BHK,1275.214468,2,1,"Ramanashree Enclave,Bangalore",12.96635,77.594999,55,1
A2HTJUCMBERC1Q,Dealer,3 BHK,739.98469,2,1,"Mira Road,Mumbai",19.283359,72.864964,58,0
A1IATV65IYNK96,Dealer,2 BHK,1382.033564,2,1,"Singasandra,Bangalore",12.879728,77.650297,56,0
A2KFSQ6G9DRK95,Dealer,2 BHK,1369.25589,2,1,"Zirakpur,Chandigarh",30.662283,76.822397,58.7,1
A38XW60U7T36B1,Owner,2 BHK,561.1455108,2,1,"Nanakheda,Ujjain",23.244183,76.059106,14.5,0
A1OTPJIWASFMLO,Dealer,2 BHK,475.1722499,2,0,"Laxmi Nagar,Mumbai",22.281215,70.789479,100,1
AY6T6TT8HNYT5,Dealer,2 BHK,1040.098536,2,0,"Mira Road East,Lalitpur",19.2836,72.8675,76,0
A17JWZK2O34FS2,Dealer,3 BHK,2012.072435,3,2,"HRBR Layout,Bangalore",13.037343,77.628291,250,1
A2KYPW9FX7BZJR,Dealer,3 BHK,1057.697393,2,1,"Ashok Nagar Kandivali,Lalitpur",12.97038,77.611368,200,0
A2BWJE33YXG4L,Dealer,2 BHK,1845.01845,3,3,"Sector 7 Kharghar,Lalitpur",19.035407,73.065449,230,1
A1X6HMGTDRQ95B,Owner,3 BHK,1380.065717,3,3,"Karan Para,Rajkot",22.29115,70.805418,63,1
A36J0VHZ1295R4,Dealer,3 BHK,1881.04622,3,1,"Andheri (East),Maharashtra",19.1145,72.8712,210,0
A20DKKB9S1EKJA,Owner,2 BHK,11000.34376,2,1,"Karanodai,Chennai",13.25233,80.163376,320,1
A3VL263FW0O1JL,Owner,2 BHK,1290.322581,2,1,"PAL,Surat",21.17,72.83,50,0
A2WWB48WU61DO3,Dealer,3 BHK,714.8984844,3,1,"Marsur,Bangalore",12.928575,77.585721,25,0
AAKO51858RQVQ,Dealer,2 BHK,959.9232061,2,1,"Kattupakkam,Chennai",13.042089,80.124264,40,1
A1JMCY0XKUXT6X,Dealer,4 BHK,1349.948079,3,2,"New Town,Kolkata",22.5922,88.484911,65,1
A14BY8J0TQIBV1,Dealer,2 BHK,2000,2,1,"Andheri MIDC,Lalitpur",24.69028,78.41889,270,0
A29VDP5XCJV6RY,Dealer,1 BHK,1563.166122,1,1,"Raghunathpur,Bhubaneswar",20.383131,85.826355,110,1
A10OUSNLYGG1SD,Dealer,2 BHK,600.035823,2,0,"Naigaon (East),Mumbai",19.35269,72.864824,33.5,0
A338WJQLX5J1MH,Dealer,3 BHK,1286.046512,3,2,"Khandagiri,Bhubaneswar",20.257483,85.780142,55.3,1
AGO08CYTWMRP,Dealer,3 BHK,1200.14771,2,2,"Whitefield,Bangalore",12.9958935,77.761394,65,0
AEXV0U23G2GTY,Dealer,3 BHK,1706.7759,3,2,"Vaishali,Ghaziabad",28.6423,77.3445,100,1
A2XPGNJ8YUPHM0,Owner,2 BHK,820.0754469,2,2,"Koyambedu,Chennai",13.069866,80.198423,50,0
A1STLRFIQ8KG5,Dealer,3 BHK,1130.085384,2,2,"Bellandur,Bangalore",12.9255,77.6765,45,0
A31LX0K4MEAYK7,Owner,2 BHK,1600,3,0,"Brookefield,Bangalore",12.9657,77.7188,80,1
A114ENJ8LDLMR2,Dealer,2 BHK,1025.145068,2,1,"Hadapsar,Pune",18.49667,73.94167,53,0
A16NN54ESNY77G,Dealer,2 BHK,1199.616123,2,1,"Karamsad,Anand",22.55,72.9,25,0
A2LDWYH3UYKAE9,Owner,2 BHK,1718.560453,2,1,"Keshava Nagar,Bangalore",12.972015,77.563021,170,1
A3B2Q0BDRNII3S,Owner,3 BHK,500,2,1,"Sector-3 Vasundhara,Ghaziabad",28.65998,77.370279,35,1
A2GFDGHAODEBX8,Owner,2 BHK,1264.222503,2,2,"Sector-62 Noida,Noida",28.6221,77.3674,70,0
A1RD9TDF3FLB60,Dealer,3 BHK,860.0770218,3,2,"Behala,Kolkata",22.498882,88.317556,33.5,1
A2E7P52B783HTI,Dealer,3 BHK,749.9353504,3,3,"Bhadwad,Lalitpur",24.69028,78.41889,29,0
AH8GFZJP4AKCM,Dealer,2 BHK,3301.168106,2,1,"Gotri Road,Vadodara",22.312358,73.145436,65,1
AML351UD1T9IF,Owner,3 BHK,976.0178472,3,2,"Doddakannelli,Bangalore",12.905538,77.694263,70,1
A1L1EHTU11S50F,Dealer,3 BHK,1162.718204,3,1,"Sector-129 Noida,Noida",28.507373,77.386719,37.3,1
A25C2M3QF9G7OQ,Owner,3 BHK,1000,3,2,"Mamra Bazaar,Durgapur",23.55,87.32,18,1
A2ZLCLWFRIRL2A,Owner,2 BHK,1210.084034,2,3,"Venugopal Reddy Layout,Bangalore",17.883963,77.510233,72,1
A1OJU4I8E96AF0,Dealer,4 BHK,4623.513871,2,2,"Citylight Area,Surat",21.17,72.83,210,0
A12WVAXWII6OPK,Dealer,3 BHK,3107.07457,3,2,"Sector-121 Mohali,Mohali",30.696627,76.693764,130,1
A3229QMVXFPNH,Owner,4 BHK,750,3,2,"Savedi,Ahmednagar",19.09806,74.7325,30,0
AV8HZ7FZLAPGQ,Dealer,2 BHK,1200.101061,2,1,"7th Phase JP Nagar,Bangalore",35,136,95,0
A3M84VMTYCG5L3,Owner,2 BHK,1190.031153,2,1,"Sector-50 Noida,Noida",28.5679,77.3679,95.5,0
AFJPNDNQTTC91,Dealer,2 BHK,899.58159,2,1,"Sector 70 Faridabad,Faridabad",28.340575,77.348933,21.5,1
A3P64EVP39YPZ8,Dealer,3 BHK,535.0242742,3,1,"Jui Nagar,Maharashtra",20.040727,73.798018,54,0
A1Q4UTBBDW6SAM,Dealer,3 BHK,1775.037369,3,2,"Malad (East),Mumbai",19.1758,72.8643,190,1
A1UDC6QRUN4BOK,Owner,2 BHK,2010.424423,1,1,"Garkheda,Aurangabad",19.861162,75.353252,27,0
A2IH8UUAUHMGLW,Dealer,2 BHK,475.0154226,2,2,"Majiwada,Mumbai",19.218498,72.992114,77,1
A18SVL5RCBIR4G,Dealer,3 BHK,650.0541712,3,3,"Keshav Nagar,Pune",27.16726,75.709505,42,0
A358A1GEYJG7CD,Dealer,2 BHK,1163.467132,2,2,"Malad (East),Lalitpur",19.1758,72.8643,140,1
A1MH0BQU601U4H,Dealer,2 BHK,689.4252567,2,2,"Alandur,Chennai",13.00306,80.20389,51.7,1
A1B3YG8RXGIN2T,Dealer,3 BHK,2640.105604,3,3,"Kodbisanhalli,Bangalore",12.96991,77.59796,220,0
A1EO8JTCUX2B0U,Dealer,3 BHK,850.8857581,3,1,"Hinjewadi Phase 2,Pune",18.5853,73.7413,61,1
AVQ7O2ZXPM7UW,Dealer,3 BHK,1650.084931,3,2,"Laxmisagar,Bhubaneswar",20.26444,85.82806,68,0
A16TUVM8A3DV9C,Dealer,4 BHK,1261.487051,2,2,"Kundli,Sonipat",28.874383,77.113251,30.2,0
A2L79K9PXZISP9,Dealer,3 BHK,2388.888889,2,1,"Sector-37D Gurgaon,Gurgaon",28.449774,76.971789,86,1
A3JJV5N6JSG7PT,Dealer,2 BHK,1230.466347,2,1,"Hadapsar,Pune",18.49667,73.94167,100,1
A1IU7S4HCK1XK0,Dealer,5 BHK,1904.952877,3,1,"Frazer Town,Bangalore",12.997946,77.612863,190,0
A2SIPYGHXKDRPR,Dealer,2 BHK,1209.720021,2,1,"Sector-115 Mohali,Mohali",30.712867,76.648557,22.9,1
A1O1C1RWAZCW4S,Owner,3 BHK,1750.087504,3,2,"Gotri,Vadodara",22.312358,73.145436,50,0
A2DJFN6DQQ8WF9,Dealer,10 BHK,1948.460088,12,2,"Wadala,Lalitpur",24.69028,78.41889,310,1
A2V9INB3YNERSI,Owner,1 BHK,500,1,1,"Bhakti Nagar,Rajkot",22.285717,70.767706,23,0
A2L1NQB3UVLU64,Owner,2 BHK,1245.18233,2,1,"Gudiapokhari,Bhubaneswar",20.26444,85.82806,42,1
AG08SJ3U2ZV6J,Owner,2 BHK,1700.294718,2,1,"Dhorra,Aligarh",27.88,78.08,75,0
A3GZJRI6F6ULKI,Dealer,5 BHK,892.7774306,2,3,"Chembur (East),Lalitpur",19.05871,72.89969,200,0
AZV26LP92E6WU,Owner,4 BHK,2020.573108,2,2,"Ama Seoni,Raipur",21.265617,81.693416,55,1
A1YDQ8I5KVNF8P,Owner,3 BHK,1035.046305,3,1,"NTI Layout,Bangalore",12.96991,77.59796,57,0
A3SLCKFO3R46XJ,Dealer,2 BHK,851.0638298,2,1,"Nayabad,Kolkata",22.483471,88.417711,24,0
A3PPGYCSQXK1GI,Owner,2 BHK,1205.489614,2,2,"MES junction,Goa",15.40194,74.04333,65,1
A3RLMRU7EE8595,Dealer,4 BHK,724.9879169,3,2,"RMV Extension,Bangalore",40.9948233,-85.7661219,60,1
A3OFZFLLURJNVZ,Owner,3 BHK,11310.34483,2,2,"Royal City,Jaipur",10.794455,79.151794,16.4,0
A1PHFW8IB5MRMG,Owner,2 BHK,1400.233372,2,1,"Kereguddadahalli,Bangalore",13.079235,77.517166,60,1
AA4U8RXXOLEEK,Dealer,2 BHK,1394.814572,2,2,"Sector-66 Mohali,Mohali",30.673383,76.733924,85,0
A3UQXHI88S7XAX,Owner,2 BHK,825.3664755,2,0,"Muthuvara,Thrissur",10.52,76.21,25.9,1
ATSAWVR11NPPS,Owner,3 BHK,1624.727561,2,2,"Sector-150 Noida,Noida",28.429614,77.481711,82,1
A1OEN6ELBDFLI,Dealer,2 BHK,1877.84522,2,2,"Jessore Road,Kolkata",22.54111,88.33778,99,1
A21C1M8B8DG17S,Owner,3 BHK,1245.136187,3,2,"Sainikpuri,Secunderabad",17.49382,78.543055,48,1
A39A0YMM15P5ZI,Dealer,2 BHK,1257.010249,1,0,"Ghatkopar (East),Lalitpur",19.078305,72.905931,520,1
A2T8NBMC87UAOV,Dealer,3 BHK,2254.791432,2,2,"Sector-67 Gurgaon,Gurgaon",28.378021,77.063066,200,0
AFV1DRHE0S4NN,Owner,2 BHK,450,2,1,"Ghantaghar,Ghaziabad",28.661262,77.426478,18,1
A16I9RP5EDWM57,Owner,3 BHK,574.8987854,2,3,"Junction Plot,Rajkot",22.31162,70.800294,35.5,0
A2LJVBPN91XW7H,Dealer,1 BHK,680.0348736,2,1,"Pokharan Road,Mumbai",18.96667,72.83333,78,0
A2HTYS3T1F7F2Z,Dealer,2 BHK,1235.839341,2,2,"Maheshtala,Kolkata",22.486821,88.233267,48,0
A1A99RZRDB9DUN,Dealer,2 BHK,1016.330451,2,1,"Doddakallasandra,Bangalore",12.880993,77.557654,52.9,1
AE3IVYC5L4PMC,Dealer,3 BHK,1400.124456,3,0,"Sector-28 Noida,Noida",28.5722,77.3331,90,0
A3UX0X2KM95YN3,Builder,1 BHK,1090,1,1,"Pratap Nagar,Nagpur",21.116978,79.058407,65.4,1
A2PQT2JE8ZUR8W,Dealer,2 BHK,1392.88699,2,2,"Sector-27 Kharghar,Mumbai",19.061701,73.080488,150,0
ANIXLKPOLYWUY,Dealer,3 BHK,1070.25247,3,3,"Sector-137 Noida,Noida",28.506454,77.409568,39,1
A3AHZYRP1R90YQ,Dealer,2 BHK,1011.041639,2,2,"Thane West,Maharashtra",19.18,72.96333,76,0
AHQXHYFJ30HZE,Owner,1 BHK,1700.037779,1,1,"Rachenahalli,Bangalore",13.219742,76.698537,90,1
A3BI6M7UY4T0ZS,Owner,2 BHK,495.049505,2,1,"Pethapur,Gandhinagar",23.2631,72.6739,18,1
AFA00OWUPGY71,Dealer,5 BHK,1453.418633,3,0,"Perungalathur,Chennai",12.9182,80.0824,72.7,0
AJMKEM6LRUHN3,Dealer,3 BHK,2246.181491,2,1,"Whitefield,Bangalore",12.9958935,77.761394,150,1
A74SHV5ZD3RLT,Dealer,2 BHK,557.0409982,2,3,"Iyyappanthangal,Chennai",13.035866,80.135164,25,0
A1RLLTUBCFQV22,Dealer,3 BHK,1636.228103,2,2,"Budigere,Bangalore",13.141581,77.749756,87.8,0
A3NWHK8FRD594U,Owner,3 BHK,612.13133,3,2,"Baddi,Solan",30.92,77.12,11,1
A2LVQ1GFITAW4A,Dealer,2 BHK,1643.429249,2,2,"Sector 86 Faridabad,Faridabad",28.406388,77.342588,55.4,1
A134M8GHW35L42,Dealer,5 BHK,545.01413,3,2,"Kasar vadavali,Lalitpur",24.6902,78.416,54,0
A1D4BY1MP53AR8,Owner,3 BHK,1776.649746,3,2,"Kaikondrahalli,Bangalore",12.9143,77.6764,140,1
A34SXBB9E2FFTY,Dealer,2 BHK,972.7272727,2,2,"Thubarahalli,Bangalore",12.952357,77.722506,53.5,1
A1FZGVS6LOOZ17,Owner,2 BHK,539.9568035,2,1,"Bypass road,Junagadh",21.52,70.47,7.5,1
A3H6MS8FUAWEK3,Owner,4 BHK,550,3,3,"Deolai,Aurangabad",19.88879,75.34344,22,0
A14XRI4U6BRG8T,Dealer,2 BHK,1184.971098,2,2,"Sector-75 Noida,Noida",28.576117,77.382136,61.5,1
AWPT4FH0JR7S1,Dealer,3 BHK,6000,3,2,"Lower Parel,Lalitpur",18.996305,72.827789,2100,0
AM188RARFCUSA,Dealer,2 BHK,1195.090439,1,1,"Adalhatu,Ranchi",23.178998,85.566222,37,0
ACAXV4V8PBCE3,Dealer,2 BHK,2630.949534,2,2,"Aiginia,Bhubaneswar",20.26444,85.82806,110,1
A1143BSP9JCXXG,Dealer,2 BHK,745.0555405,2,1,"Sector-18 Ulwe,Mumbai",18.973908,73.025106,55,1
A3HFLGB1IK5UKZ,Dealer,2 BHK,312.1852971,2,1,"Sector 75 Faridabad,Faridabad",28.365512,77.346306,12.4,0
A1S7U6E1L3GOV3,Owner,8 BHK,1478.123768,7,0,"Sarjapur Road,Bangalore",12.86,77.786,75,1
A2GW7PIU744BC7,Owner,3 BHK,679.9637353,3,2,"NH-24 Highway,Ghaziabad",28.66667,77.41667,30,0
AB6Z589TT2BRZ,Dealer,3 BHK,2398.081535,3,2,"Sector-121 Mohali,Mohali",30.696627,76.693764,100,1
A2M06O71QQGODU,Dealer,5 BHK,2045.268612,3,0,"Whitefield,Bangalore",12.9958935,77.761394,150,0
AZ47YDQDGT6OX,Dealer,3 BHK,2440.512508,2,1,"Sector-129 Noida,Noida",28.507373,77.386719,80,1
A2NUGJFLVQPLA2,Dealer,3 BHK,1265.126513,3,0,"Rajarhat,Kolkata",22.54111,88.33778,57.5,0
AB5EJ0094R8N9,Owner,2 BHK,1204.093919,2,2,"KR Mohalla,Mysore",12.298369,76.649789,60,0
APCN5D71687JD,Owner,2 BHK,790.0974454,2,2,"Lalpur,Ranchi",23.368714,85.34384,30,0
A3IKVQW0GB8T6X,Owner,2 BHK,2444.987775,2,2,"Hebbal,Bangalore",13.04034,77.591347,270,0
A2GPJBBABHTUZG,Dealer,2 BHK,1308.258381,2,1,"Kasavanhalli,Bangalore",12.9077,77.6755,48,0
A3B46V0TEPUCYV,Owner,4 BHK,900.090009,2,2,"Housing Colony,Dhanbad",26.109598,85.895199,20,1
ATXM8O8KGQVMB,Dealer,8 BHK,2393.031492,8,0,"Binny Pete,Bangalore",12.96991,77.59796,250,1
A142SE9V1ULJ11,Owner,2 BHK,900,1,1,"Sector 29 Faridabad,Faridabad",28.432682,77.322604,45,0
ABBJSCUFDBXRZ,Owner,3 BHK,801.7741385,3,3,"Godhni,Nagpur",21.638454,78.230325,23.5,0
A15ZUYU43PC1BD,Dealer,2 BHK,1324.955117,2,1,"Kalinganagar,Bhubaneswar",20.26444,85.82806,73.8,0
A33JCQTUIOF3Z8,Builder,2 BHK,6000,2,1,"Bawadia Kalan,Bhopal",23.176444,77.448917,75,1
A32UXPP7DL8KAI,Dealer,2 BHK,1030.098181,2,2,"Wakad,Pune",18.5993,73.7625,64,1
A1OZBJZ5EWQV9D,Dealer,2 BHK,854.7868061,2,1,"Powai,Lalitpur",19.12,72.91,170,1
A1OFEXPP58JQMI,Dealer,3 BHK,1765.278792,3,2,"Ahinsa Khand 2,Ghaziabad",28.9196,76.8972,72.5,1
ANGMV1S4BKSWQ,Dealer,2 BHK,1191.895113,2,2,"Bhandup (West),Lalitpur",19.147866,72.932609,180,1
A1HHKZVA876ICH,Dealer,3 BHK,2364.864865,2,0,"Sector-17 Panchkula,Panchkula",30.698289,76.835708,140,0
AKU5RD6RZEWR1,Owner,4 BHK,1730.103806,3,1,"Nirbhay Nagar,Agra",27.215343,77.980824,85,1
ALLSZRJL9YBCO,Builder,3 BHK,979.2909793,2,3,"Barasat,Kolkata",22.747639,88.600902,27.9,0
A2RL1RS6PWUHWI,Owner,3 BHK,1180.030257,3,2,"Manjunath Nagar,Hubli",15.346409,75.105163,39,0
A10M7SSDWPRF5M,Dealer,2 BHK,750,2,1,"sulabh awas, gomti nagar,Lucknow",26.851,81.0011,27,0
AKVADH46FDB5E,Dealer,1 BHK,1055.037806,1,1,"Majiwada,Mumbai",19.218498,72.992114,120,1
A50FYNAOYJCGX,Dealer,4 BHK,1155.057753,3,2,"Zirakpur,Chandigarh",30.662283,76.822397,33,0
ALTS3LT1YG9H9,Dealer,3 BHK,933.3046163,2,1,"Goregaon (West),Mumbai",19.161955,72.839616,130,1
AR8G8G183KH2F,Dealer,1 BHK,1207.289294,1,0,"Madhyamgram,Kolkata",22.7,88.45,26.5,0
A24MJ3KLA26QWQ,Owner,1 BHK,2219.531881,2,2,"Sector-107 Noida,Noida",28.546788,77.378494,220,1
A8EQ1QXW2148I,Owner,3 BHK,1350.277998,3,2,"Shyam Park Extension,Ghaziabad",28.680366,77.364076,51,0
A2E19EK7RLVK59,Owner,2 BHK,1494.209936,2,2,"Sahakara Nagar,Bangalore",13.064,77.58,80,1
A2ECPPZTEGLTD4,Owner,7 BHK,1150.026137,9,3,"Dinnur,Bangalore",13.02494,77.597649,66,1
A1S954L77IUU31,Dealer,1 BHK,1686.568171,1,1,"Hiranandani Estate,Maharashtra",19.255098,72.9815265,250,0
A1G5CFCESKPA2C,Owner,9 BHK,1438.010105,9,1,"Whitefield,Bangalore",12.9958935,77.761394,74,1
AKE11AZTM3T6O,Dealer,3 BHK,1496.296296,2,1,"Khapri,Lalitpur",24.69028,78.41889,20.2,0
ACAXV4V8PBCE3,Dealer,2 BHK,1700.102006,2,1,"Nerul,Maharashtra",19.0242,73.0172,200,0
AERY9SV4J1ZFO,Dealer,1 BHK,1400.233372,1,1,"Whitefield,Bangalore",12.9958935,77.761394,60,1
A3B2F5F4BVD3TX,Dealer,3 BHK,948.7516426,2,3,"Sector-75 Noida,Noida",28.576117,77.382136,36.1,1
A2YCVGAH8NJGPZ,Dealer,8 BHK,1600,8,3,"Madhurawada,Visakhapatnam",17.815234,83.35818,64,0
A3PZ1KRK2H3SNS,Dealer,2 BHK,757.7807848,2,2,"Thane West,Mumbai",19.18,72.96333,140,1
A1ABYGT65DNLAA,Dealer,3 BHK,1409.978308,3,1,"Mango,Jamshedpur",22.835481,86.221099,78,0
A1AOOCWUOQVPVD,Dealer,3 BHK,1891.831738,2,2,"Jodhpur Park,Kolkata",22.506447,88.363636,170,1
ARJTFM3XABY,Owner,3 BHK,2215.028114,3,2,"Gomti Nagar Extension,Lucknow",21,77,130,0
AXQFMPCPLAESY,Owner,3 BHK,1300.148588,2,2,"Ambabari,Jaipur",26.91667,75.86667,70,1
ACAXV4V8PBCE3,Owner,3 BHK,1139.287027,3,2,"Ranjeet Nagar,Alwar",30.15553,76.863379,31,0
A2974R9BTPZPOJ,Owner,3 BHK,1310.370648,2,1,"Gotri,Vadodara",22.312358,73.145436,35,0
A2QV7F55T6GD04,Owner,2 BHK,1362.5,2,1,"Lanjipalli,Berhampur",19.295224,84.804415,43.6,1
A2803KK3ZW27FC,Owner,3 BHK,1925.236644,3,2,"Hoodi,Bangalore",12.989437,77.717806,120,0
A3E491V35LULHM,Owner,2 BHK,1605.334651,2,1,"Amruthahalli,Bangalore",13.063752,77.605027,65,0
A18LB53J98Y35R,Dealer,2 BHK,2058.823529,2,2,"Sector-102 Gurgaon,Gurgaon",28.47944,76.971432,140,1
A7XYLJ9XFDTT9,Dealer,2 BHK,1000,2,3,"Mansarovar,Jaipur",26.8626,75.7633,25,1
A2LOHDFKFZJNWO,Dealer,2 BHK,1960.719152,2,1,"Goregaon (East),Mumbai",19.1615,72.8731,590,0
A2OVI62NN5W0UE,Dealer,1 BHK,1749.908859,,2,"Yelahanka,Bangalore",13.11389,77.59833,96,1
A7Q4HDSQ7QFTU,Dealer,3 BHK,690.0517539,3,1,"Nayabad,Kolkata",22.483471,88.417711,24,0
A3MCBV388X4A1Z,Dealer,3 BHK,667.4453529,2,3,"Tilak Nagar,Maharashtra",19.068492,72.898896,160,1
A4WUFTCEG8FZ6,Owner,3 BHK,1650.235748,3,3,"Vaibhav Khand,Ghaziabad",28.9196,76.8972,77,1
AQYD2PV8IHB7V,Dealer,2 BHK,3552.243979,2,1,"Phoolbagan,Kolkata",22.54111,88.33778,410,1
A3HOPQCXG6QHHQ,Dealer,1 BHK,2100.134409,1,1,"Kalyani Nagar,Pune",18.5481,73.8995,250,1
A2063PGBVLB18Z,Owner,4 BHK,1470.255598,2,1,"Iblur Village,Bangalore",12.91668,77.59196,65,1
A3FKQQTSMHOCE0,Dealer,4 BHK,461.6061883,3,2,"Mehrun,Jalgaon",21.08448,75.983409,73.4,0
A2IFVFRZNMH5BJ,Dealer,2 BHK,1566.41604,2,1,"Pulikeshi Nagar,Bangalore",12.96991,77.59796,150,1
AB5HZ2U0D0JC,Dealer,2 BHK,1639.20283,2,0,"Baner Pashan Link Road,Pune",18.542235,73.828136,190,0
A1FLQC4ORB5LI,Owner,3 BHK,650.1547988,3,0,"Atladra,Vadodara",22.271018,73.154216,21,0
A32UZXOMAF1DFR,Owner,4 BHK,1200.417537,2,2,"Kolar Road,Bhopal",23.163669,77.422617,23,0
A17771LTRWSKQ5,Owner,3 BHK,1680.173947,3,2,"Bileshivale,Bangalore",13.054202,77.674002,85,1
AQNYCN5Y8K2J6,Owner,2 BHK,900.090009,2,3,"BSM Extension,Bangalore",12.96991,77.59796,30,0
ATXTYEQUG8O1R,Owner,2 BHK,515.8730159,2,2,"Subhanpura,Vadodara",22.318485,73.162544,11.7,1
A42HINFMHFB9C,Owner,2 BHK,1740.230976,2,1,"Kothanur,Bangalore",12.581437,77.322174,110,0
A31KRI9QZGJLY1,Dealer,2 BHK,1006.036217,2,1,"Vakola,Maharashtra",20.73333,77,210,1
AY5NWX45GCYUE,Owner,3 BHK,1330.059341,2,2,"Pandeshwar,Mangalore",12.85917,74.83844,65,0
A399MNJ2H60ODE,Dealer,1 BHK,787.6923077,1,1,"Kala Nagar,Lalitpur",16.872279,74.576673,320,1
A1ADV5RK3FLUX9,Owner,3 BHK,899.9357189,2,1,"Sector-70 Noida,Noida",28.59632,77.38143,42,1
A2HOKZLRUQULWA,Owner,2 BHK,655.0218341,2,0,"Khalapur,Raigad",18.81667,73.26667,33,0
A18XCLXKB737XG,Dealer,3 BHK,1788.963008,2,2,"Zirakpur,Chandigarh",30.662283,76.822397,59,1
A35GEU8LZB8LJP,Dealer,2 BHK,1157.052918,1,1,"Vaibhav Khand,Ghaziabad",28.9196,76.8972,68,0
A1YVYAWW40VZL8,Dealer,3 BHK,895.9276018,2,2,"Valia,Bharuch",21.5708,73.1602,19.8,0
A2KVAGB52EOKLS,Dealer,2 BHK,710.0209779,2,1,"Ulwe,Lalitpur",24.69028,78.41889,44,1
A2J54387VFQ6OT,Owner,2 BHK,1250,2,0,"Sector-4 Vaishali,Ghaziabad",28.644695,77.338956,68,1
AMK5E1DOAYRGJ,Dealer,3 BHK,1392.111369,3,2,"Baga,Goa",15.55889,73.75333,120,0
A3N5C0GXTXWB9,Dealer,2 BHK,1972.775695,2,1,"Sector 37 Faridabad,Faridabad",28.4837,77.3049,100,1
A1FA0A68R5CQKP,Dealer,4 BHK,900,3,2,"Sector 11 Kharghar,Lalitpur",19.037971,73.070481,90,0
A2W41LKCGT9FWI,Owner,3 BHK,885.9566447,3,2,"Perungalathur,Chennai",12.9182,80.0824,47,1
A1IF3F206YG7EE,Owner,3 BHK,1539.514198,2,2,"rajarejasehwari nagar,Bangalore",50.817397,4.42145,45,0
A1O58I2BTTI1E8,Dealer,2 BHK,1486.298189,2,1,"Mansarovar Extension,Jaipur",26.8626,75.7633,32,1
A1YR6B67T3DCHU,Owner,2 BHK,1651.722511,2,1,"Electronic City,Bangalore",12.8458,77.6727,70,0
A11YQON7N0UC2R,Dealer,1 BHK,533.145275,1,1,"Avadi,Chennai",21.490368,73.338475,18.9,0
A5VP825JKO5JI,Owner,2 BHK,1044.022969,2,2,"Rajiv Nagar,Patna",25.630335,85.092065,60,1
A3H0B2IQ78XAUM,Owner,4 BHK,885.8267717,2,2,"Vrindavan Yojna,Lucknow",26.766594,80.949809,36,0
A1AJQUA9PEA90X,Dealer,2 BHK,1300.006933,2,1,"Chandrakant Dhuru Wadi,Mumbai",18.96667,72.83333,750,0
A3LSTGAP7LOV1S,Dealer,7 BHK,2237.970906,7,2,"Salt Lake,Kolkata",22.54111,88.33778,180,1
A3EOH8ILTPH71B,Dealer,2 BHK,1280.031508,2,1,"Andheri (East),Lalitpur",19.1145,72.8712,260,1
A2CJMCOGF4L2MB,Dealer,3 BHK,1600.11744,3,2,"Gandhi Path,Jaipur",25.879721,86.587391,54.5,0
A3NBSC587C151C,Owner,3 BHK,800,3,2,"Sector-73 Noida,Noida",28.588021,77.391359,32,1
A20MQ5P19FM6Y2,Owner,5 BHK,1130.369254,3,1,"Kakkanad,Ernakulam",10.017,76.344,30,0
A3411K5L6QNVH7,Dealer,3 BHK,1044.131978,3,2,"Rajaram Patil Nagar,Pune",18.691025,73.8081,75,1
A2UILEPRKGAVDG,Dealer,3 BHK,1300,3,2,"Garia,Kolkata",22.403867,88.470006,52,1
A2E2BDF383GF6H,Dealer,2 BHK,1359.466222,2,1,"Rajarajeshwari Nagar,Bangalore",12.919423,77.522774,65.2,1
A13V8Z7UJIRAG5,Owner,2 BHK,909.0909091,2,2,"Vavol,Gandhinagar",23.22533,72.619511,25,1
A9E9L159FFMHP,Dealer,3 BHK,1095.69378,2,1,"Kharar,Mohali",30.74,76.65,22.9,1
AP3CV0DST5ZYQ,Builder,2 BHK,1721.760292,2,2,"Khadpabandh,Goa",15.399602,73.999248,84.9,0
AAQNPF3Q0LFGX,Dealer,2 BHK,697.0708194,2,1,"Kandigai,Chennai",13.234221,80.212829,18.8,1
A2JAEJFXQ2QL2M,Dealer,2 BHK,1322.051824,2,1,"Vasna Road,Vadodara",22.312063,72.674296,50,0
A3VO7YFMT8L3FC,Dealer,4 BHK,1301.034632,2,1,"Andheri (East),Maharashtra",19.1145,72.8712,210,0
A3MKKV6EK44G6I,Dealer,1 BHK,1863.064741,1,0,"Baner,Pune",18.558319,73.77588,120,0
A2TXB95F9AGFTH,Dealer,3 BHK,2478.521218,2,2,"Mullanpur,Chandigarh",30.73528,76.79111,95.2,1
A19TMLCRR1C76R,Owner,4 BHK,983.1767533,3,1,"Pudupakkam Village,Chennai",13.0604,80.2657,45,0
A23N5GILA6AX04,Owner,4 BHK,1300.390117,3,3,"Police Line,Kota",25.184821,75.87165,30,1
A2BNRUNT2X918E,Dealer,3 BHK,1099.868016,3,2,"Keshav Nagar,Pune",27.16726,75.709505,75,0
ARNC9KAJ5WPQG,Dealer,2 BHK,1585.144928,2,2,"Raj Nagar Extension,Ghaziabad",26.900926,75.775927,70,1
A18QBXDXQHMS66,Builder,2 BHK,509.8039216,2,1,"Viyyoor,Thrissur",10.52,76.21,20.8,0
ANSA83I0WOUR2,Dealer,2 BHK,800,2,2,"Sector 82 Faridabad,Faridabad",28.394375,77.357227,24,1
A1V1EP514B5H7Y,Dealer,4 BHK,900.032144,3,0,"Mansarovar Extension,Jaipur",26.8626,75.7633,28,1
A2RX8BAPQ2Y8VD,Dealer,5 BHK,905.714628,3,2,"Balkum,Maharashtra",19.222101,72.988231,75.6,0
A2OOQ59V7YWYL1,Dealer,3 BHK,1135.099043,3,3,"Sector-120 Noida,Noida",28.585757,77.396668,51,1
A1SWSA9OI438RP,Dealer,2 BHK,1275.28584,2,2,"Zirakpur,Chandigarh",30.662283,76.822397,43.5,0
A3RBTKH8OI4X6X,Dealer,5 BHK,745.8912769,3,3,"Sohna,Gurgaon",28.25,77.07,23.6,0
A332T7LVFZZ2O2,Dealer,2 BHK,1338.055884,2,2,"Sector-15 Bahadurgarh,Bahadurgarh",30.752321,76.772816,34,1
A30KIP8VOIACNI,Dealer,1 BHK,1734.790151,1,3,"Khar West,Maharashtra",19.0705,72.8309,570,1
A3SO8RUBJ6OOK3,Dealer,4 BHK,1249.296567,3,2,"Zirakpur,Chandigarh",30.662283,76.822397,44.4,0
A1GQSBLU2QXDC9,Owner,3 BHK,597.0149254,3,3,"Puzhal,Chennai",13.164321,80.196634,30,1
ACD4ORBZEJV6,Dealer,3 BHK,1805.257813,3,1,"Hosur Road,Bangalore",12.752264,77.452739,160,0
A1T9OQ8JQC34PT,Dealer,3 BHK,1589.151393,3,2,"Hadapsar,Pune",18.49667,73.94167,150,1
A23JXMWJLCETEC,Dealer,2 BHK,1100.41841,2,2,"Sector 86 Faridabad,Faridabad",28.406388,77.342588,26.3,0
A2BZ1C22HCVO9G,Dealer,7 BHK,1167.334924,9,2,"Kandivali (East),Mumbai",19.1955,72.8728,230,1
A2AF8MMVBDU8YX,Owner,2 BHK,1980.19802,2,2,"Sector-45 Karnal,Karnal",29.731906,76.975729,42,0
A2GAO2M7Y8U06H,Owner,3 BHK,1315.097317,2,1,"Sector 10,Sonipat",28.990399,77.059442,50,1
A18F09Z2RJ2C5K,Dealer,3 BHK,1349.831271,3,3,"Bhopura,Ghaziabad",28.698133,77.335746,36,0
A31JPNHS8Y3G40,Dealer,5 BHK,1983.077737,2,0,"Sector-54 Gurgaon,Gurgaon",28.440728,77.114195,300,1
A49DOVGSBWUJ8,Dealer,4 BHK,1183.453905,3,2,"Sector-75 Noida,Noida",28.576117,77.382136,63.8,0
A3F69HNLEEWH11,Owner,2 BHK,749.7273719,2,1,"SAI BABA TEMPLE,Anand",22.414402,72.90369,27.5,1
A2YO8731SKDKLL,Dealer,4 BHK,1250,2,1,"Sector 1 HSR Layout,Bangalore",12.91,77.64,45,1
A21U4DR8M6I9QN,Dealer,1 BHK,650.026001,1,1,"Kapurbawadi,Maharashtra",18.96,72.82,75,0
